,idade,individuo_id,area_foliar_especifica,area_foliar_individual,comprimento_foliar,largura_foliar,potencial_hidrico_foliar,target_final
0,6,524.0,140.69,41.57,12.78,5.11,-1.88,0
1,18,524.0,90.02,45.86,16.18,4.84,-2.46,0
2,6,1227.0,,,,,-1.7,0
3,18,1227.0,90.43,45.13,15.66,4.7,-2.38,0
4,30,1227.0,92.65,31.36,13.59,3.5,-4.48,0
5,6,2195.0,117.82,30.89,11.69,4.43,-1.9,0
6,6,2461.0,134.32,24.27,8.23,4.28,-2.0,1
7,18,2461.0,103.11,36.0,11.67,4.93,-2.33,1
8,30,2461.0,153.23,35.83,9.61,5.51,-5.28,1
9,36,2461.0,147.98,40.66,10.92,5.75,-2.31,1
10,6,3215.0,129.3,27.26,9.19,4.64,,1
11,18,3215.0,,,,,-2.47,1
12,36,3215.0,128.68,37.38,13.48,4.4,-2.86,1
13,6,3850.0,128.22,27.32,8.75,3.58,-1.79,0
14,18,3850.0,114.49,33.95,13.43,4.22,-2.1,0
15,6,554.0,132.29,32.69,10.86,4.51,-1.98,1
16,30,554.0,111.73,33.41,13.82,3.72,-2.36,1
17,36,554.0,112.71,30.49,14.07,3.39,-2.18,1
18,6,1201.0,135.97,30.69,7.21,2.98,-1.8,0
19,18,1201.0,110.28,33.88,15.6,3.68,-2.44,0
20,6,1936.0,121.9,32.03,11.01,4.71,-2.0,0
21,18,1936.0,107.41,32.81,13.69,4.01,-2.66,0
22,6,2516.0,110.74,28.78,11.19,4.29,-2.11,0
23,18,2516.0,83.95,32.26,14.68,3.62,-2.42,0
24,6,3090.0,126.38,30.53,10.77,4.64,,0
25,18,3090.0,94.19,30.75,14.69,3.51,-1.98,0
26,6,3744.0,,28.07,6.36,3.03,-1.72,0
27,18,3744.0,111.32,35.16,13.52,4.29,-2.49,0
28,6,491.0,,34.96,11.8,4.46,-2.56,1
29,18,491.0,87.65,24.54,12.84,2.98,-2.76,1
30,36,491.0,156.16,26.16,11.1,3.72,-2.59,1
31,6,1249.0,,,,,-2.12,1
32,18,1249.0,87.12,25.22,12.86,3.03,-2.8,1
33,30,1249.0,90.88,25.53,12.35,3.08,-3.1,1
34,36,1249.0,123.77,27.85,11.43,3.73,-1.78,1
35,6,1779.0,103.21,29.24,7.16,2.82,-2.36,1
36,18,1779.0,98.16,23.66,12.42,3.09,-2.73,1
37,36,1779.0,124.91,26.92,10.42,4.04,-2.44,1
38,6,2424.0,105.59,24.12,5.87,2.67,-2.36,1
39,18,2424.0,92.73,30.31,13.21,3.68,-2.53,1
40,30,2424.0,117.62,29.51,11.46,4.04,-1.72,1
41,36,2424.0,132.57,27.77,12.76,4.03,-2.68,1
42,6,3103.0,136.55,24.56,9.2,4.11,,1
43,18,3103.0,106.9,23.68,11.0,3.49,-2.38,1
44,36,3103.0,119.49,28.26,11.46,3.67,-2.56,1
45,6,3801.0,128.61,33.23,7.51,3.01,-2.78,1
46,18,3801.0,,,13.26,3.29,-3.29,1
47,30,3801.0,95.33,28.14,13.38,3.22,-3.7,1
48,36,3801.0,102.31,34.27,14.03,4.0,-2.47,1
49,6,660.0,174.19,31.71,9.04,4.54,-1.95,0
50,18,660.0,87.52,34.55,13.39,4.12,-2.2,0
51,6,1138.0,,,,,-2.58,1
52,18,1138.0,101.74,43.41,13.22,4.95,-2.38,1
53,30,1138.0,90.22,38.66,14.75,3.94,-3.07,1
54,6,1913.0,105.48,41.65,7.4,3.71,-2.25,1
55,18,1913.0,78.14,40.42,14.33,4.55,-2.22,1
56,30,1913.0,79.54,31.27,14.62,3.75,-3.05,1
57,36,1913.0,77.49,43.66,14.47,4.52,-1.91,1
58,6,2471.0,120.08,28.64,6.25,3.04,-2.33,0
59,18,2471.0,75.65,47.51,14.68,5.28,-2.25,0
60,6,3153.0,109.12,42.5,7.55,3.63,,0
61,18,3153.0,83.37,50.23,16.06,5.09,-2.61,0
62,6,3763.0,112.78,36.22,7.14,3.39,-2.34,1
63,18,3763.0,88.89,40.53,12.53,5.04,-2.51,1
64,30,3763.0,86.38,42.8,11.65,5.47,-3.08,1
65,36,3763.0,65.48,43.16,15.38,4.17,-2.47,1
66,6,544.0,112.79,27.23,9.31,4.16,-2.55,0
67,18,544.0,85.6,28.33,12.97,3.68,-2.64,0
68,6,1256.0,,,,,-1.4,1
69,18,1256.0,87.14,36.19,14.44,4.19,-2.36,1
70,30,1256.0,81.46,40.85,15.77,4.12,-2.29,1
71,36,1256.0,95.91,49.63,,,-1.52,1
72,6,1804.0,118.69,27.63,6.7,2.87,-1.68,1
73,18,1804.0,85.47,37.18,14.56,4.59,-2.38,1
74,36,1804.0,75.48,34.47,13.01,4.35,-2.72,1
75,6,2432.0,126.82,32.02,6.77,3.25,-1.91,1
76,18,2432.0,91.78,30.1,11.95,3.96,-2.45,1
77,30,2432.0,97.99,31.75,12.52,3.85,-3.09,1
78,36,2432.0,76.55,30.26,10.56,4.44,-2.78,1
79,6,3276.0,131.76,29.25,6.38,3.06,-2.36,0
80,18,3276.0,88.33,35.19,14.31,4.25,-3.2,0
81,6,3937.0,126.6,19.57,8.38,3.77,-2.45,1
82,18,3937.0,95.47,37.9,14.69,4.44,-2.54,1
83,36,3937.0,120.67,41.54,15.52,4.3,-1.61,1
84,6,531.0,135.44,28.15,9.97,3.98,-1.9,1
85,18,531.0,103.43,25.28,11.67,3.47,-2.48,1
86,36,531.0,112.08,21.86,11.62,2.85,-0.85,1
87,6,1195.0,131.8,27.73,6.72,2.64,-2.66,0
88,18,1195.0,106.26,26.62,12.91,3.34,-2.71,0
89,6,1972.0,,18.64,5.85,2.03,-1.66,0
90,18,1972.0,111.18,26.47,14.97,3.42,-2.25,0
91,6,2484.0,141.39,24.07,6.11,2.46,-2.3,1
92,18,2484.0,110.4,30.56,12.41,3.58,-2.57,1
93,30,2484.0,111.61,28.31,12.56,3.69,-3.82,1
94,36,2484.0,127.4,24.65,9.96,3.45,-2.53,1
95,6,3204.0,123.1,33.17,10.48,4.96,-2.57,0
96,18,3204.0,80.59,41.95,16.67,4.38,-2.81,0
97,6,3751.0,132.62,21.59,5.92,2.24,-1.67,1
98,18,3751.0,92.99,27.64,14.99,3.1,-2.44,1
99,36,3751.0,113.17,28.0,13.32,3.44,-2.38,1
100,6,691.0,,,,,-2.6,1
101,6,1181.0,134.22,33.84,8.1,3.18,-1.8,0
102,6,2115.0,138.6,14.22,7.0,3.03,-2.54,1
103,6,2436.0,146.88,36.62,8.62,2.85,-2.2,1
104,6,3082.0,136.15,44.52,9.69,3.47,,1
105,6,3821.0,117.68,60.83,9.86,4.39,-1.95,0
106,6,589.0,123.17,37.89,12.77,4.72,-2.1,1
107,6,1140.0,130.28,39.66,7.13,3.75,-2.64,1
108,6,1917.0,118.17,66.63,14.35,7.52,-2.13,1
109,6,2490.0,137.23,26.67,9.74,4.31,-1.88,0
110,6,3355.0,143.95,50.62,11.86,5.96,,0
111,6,3772.0,110.41,36.9,10.54,5.23,-1.94,1
112,6,541.0,126.91,41.84,9.93,5.59,-2.05,1
113,18,541.0,129.78,44.77,11.96,5.79,,1
114,6,1128.0,143.6,27.01,9.07,4.49,-2.26,1
115,18,1128.0,,46.64,16.75,4.8,-2.8,1
116,30,1128.0,103.59,43.62,14.2,4.87,-3.72,1
117,36,1128.0,96.66,37.6,14.61,3.9,-1.23,1
118,6,2114.0,119.69,75.18,14.31,7.28,-2.35,1
119,6,2466.0,127.6,18.65,8.24,3.22,-1.94,1
120,18,2466.0,88.02,22.69,12.22,3.2,-1.94,1
121,6,3369.0,124.0,56.22,12.21,6.52,,1
122,6,3896.0,133.88,32.53,9.97,4.83,-2.35,1
123,18,3896.0,,,,,-2.77,1
124,36,3896.0,98.56,44.94,14.45,4.89,,1
125,6,522.0,132.53,24.94,8.99,4.23,-2.4,0
126,18,522.0,103.51,30.83,12.78,4.1,-3.44,0
127,6,1167.0,133.25,21.66,10.04,3.43,-2.08,0
128,18,1167.0,95.23,16.44,11.71,2.36,-2.87,0
129,6,1828.0,,30.6,10.91,4.33,-1.55,0
130,18,1828.0,94.33,24.24,14.2,2.71,-2.35,0
131,6,2499.0,130.01,27.37,9.46,4.18,-2.68,0
132,18,2499.0,92.15,32.85,13.46,3.94,,0
133,6,3412.0,123.47,15.36,8.06,3.2,-2.13,1
134,6,3946.0,122.46,18.08,8.64,3.06,-2.1,1
135,18,3946.0,93.16,19.91,11.22,2.95,-2.67,1
136,6,496.0,160.19,18.42,9.68,2.9,-2.04,0
137,6,1173.0,138.13,27.36,9.77,4.0,-2.43,0
138,6,2157.0,136.36,20.71,8.3,3.71,-2.04,0
139,6,2694.0,128.53,22.47,8.4,3.75,-1.88,0
140,6,3179.0,134.08,24.76,10.07,3.83,,0
141,6,3895.0,130.37,34.47,10.48,4.79,-1.87,1
142,6,502.0,121.48,31.71,14.11,3.62,-1.94,1
143,6,1278.0,139.87,31.44,11.27,4.3,-2.75,1
144,6,1859.0,109.22,22.12,10.37,2.85,-2.4,0
145,6,2434.0,121.26,33.18,10.46,4.68,-1.97,0
146,6,3266.0,116.91,16.32,8.41,3.04,,0
147,6,3794.0,124.33,30.45,10.83,3.97,-2.17,0
148,6,611.0,,31.07,11.71,4.01,-2.04,0
149,6,1113.0,,,,,-2.13,1
150,6,1880.0,135.16,20.6,8.14,3.79,-1.96,0
151,6,2560.0,167.06,19.66,8.17,3.43,-2.06,0
152,6,3268.0,121.22,36.98,12.61,4.47,,0
153,6,3858.0,140.96,42.9,11.53,5.33,-2.22,0
154,6,535.0,153.52,39.4,12.37,4.76,-1.66,1
155,18,535.0,87.45,41.58,16.28,4.23,-2.0,1
156,30,535.0,86.0,37.34,15.9,3.76,-3.35,1
157,36,535.0,104.22,31.54,12.8,3.95,-2.48,1
158,6,1139.0,,,,,-2.35,1
159,18,1139.0,83.91,32.41,16.64,3.21,-2.5,1
160,36,1139.0,76.88,40.09,15.42,4.08,-1.63,1
161,6,2102.0,97.29,26.65,12.11,3.0,-2.2,1
162,6,2574.0,101.95,20.02,10.97,3.05,-2.5,0
163,18,2574.0,72.01,30.69,16.14,2.5,-2.08,0
164,6,3203.0,90.1,23.96,11.08,3.67,,0
165,18,3203.0,93.01,21.76,15.79,3.48,-2.89,0
166,6,4318.0,156.62,52.52,12.69,5.69,-2.0,1
167,36,4318.0,91.59,56.42,15.86,5.07,-1.59,1
168,6,540.0,,37.79,13.27,4.32,-1.84,1
169,18,540.0,82.18,35.25,17.62,3.24,-2.36,1
170,6,1295.0,117.3,35.49,11.57,4.54,-2.48,0
171,18,1295.0,101.32,38.23,13.97,4.54,-3.91,0
172,6,1844.0,139.96,19.4,9.77,2.91,-3.0,1
173,18,1844.0,77.97,46.45,20.52,4.19,-2.21,1
174,30,1844.0,94.57,30.94,17.72,2.83,-3.72,1
175,36,1844.0,89.93,44.11,20.59,3.75,-2.78,1
176,6,2556.0,124.24,15.38,7.36,3.09,-2.26,1
177,18,2556.0,94.08,23.66,13.53,3.09,-2.41,1
178,30,2556.0,122.41,20.5,8.67,3.64,-3.7,1
179,36,2556.0,134.92,23.68,11.46,3.04,-2.53,1
180,6,3171.0,100.71,35.5,13.79,3.79,-2.4,1
181,18,3171.0,69.2,33.91,16.81,3.32,-2.46,1
182,36,3171.0,97.32,36.4,18.83,3.15,-2.37,1
183,6,3800.0,125.14,24.53,12.06,3.26,-2.03,1
184,18,3800.0,,,,,-2.64,1
185,30,3800.0,89.63,22.71,12.1,2.9,-3.72,1
186,6,466.0,148.23,14.67,7.31,2.97,-3.0,0
187,18,466.0,96.23,35.6,14.86,3.89,-3.1,0
188,6,1290.0,89.31,27.79,9.72,4.06,-2.88,0
189,18,1290.0,76.81,38.91,12.92,4.75,-1.89,0
190,6,1897.0,124.65,17.54,7.89,3.61,-2.7,0
191,18,1897.0,,,,,-3.17,0
192,6,2582.0,124.19,19.49,9.88,3.21,-2.11,0
193,18,2582.0,95.94,20.72,14.22,2.43,-1.74,0
194,6,3135.0,124.32,21.52,10.64,3.69,,0
195,18,3135.0,104.58,27.61,13.65,3.38,-3.15,0
196,6,3769.0,118.52,16.23,8.16,3.29,-2.82,0
197,18,3769.0,85.29,28.62,14.61,3.46,,0
198,6,559.0,114.13,37.69,14.38,4.1,-1.8,1
199,6,1185.0,119.34,40.65,12.12,5.31,-1.9,0
200,6,1806.0,131.63,14.67,8.02,2.84,-1.96,1
201,6,2535.0,106.5,34.49,11.25,4.93,-1.73,1
202,6,3145.0,118.4,36.99,10.32,5.08,,0
203,6,3831.0,,,11.53,5.21,-2.18,0
204,6,479.0,134.91,53.37,13.61,5.64,-2.06,1
205,36,479.0,123.96,42.49,16.11,3.96,-2.3,1
206,6,1267.0,,,,,-2.1,0
207,6,2099.0,122.01,29.71,9.16,4.71,-2.16,1
208,6,2494.0,96.67,33.64,10.33,5.34,-1.97,0
209,6,3350.0,127.98,47.48,11.98,5.98,,1
210,6,3770.0,123.3,48.17,12.25,5.98,-1.58,1
211,6,471.0,119.11,52.73,15.03,5.66,-2.35,1
212,18,471.0,80.88,42.0,17.56,3.94,-1.84,1
213,30,471.0,88.41,32.01,14.59,3.49,-2.73,1
214,6,1287.0,96.79,54.75,14.06,5.85,-2.6,0
215,18,1287.0,84.32,37.25,13.64,4.75,-2.72,0
216,6,2176.0,122.66,47.89,12.95,5.58,-2.25,0
217,6,2607.0,106.23,53.31,10.93,7.04,-2.43,1
218,18,2607.0,88.11,38.49,17.48,6.82,-2.6,1
219,36,2607.0,90.91,39.5,10.15,4.92,-3.12,1
220,6,3181.0,112.66,34.62,11.0,5.24,,1
221,18,3181.0,92.58,41.03,15.52,4.24,-2.55,1
222,30,3181.0,102.34,36.84,11.45,4.92,-2.93,1
223,36,3181.0,93.26,41.83,14.24,4.82,-2.24,1
224,6,3749.0,91.52,63.77,12.75,7.56,-1.57,1
225,18,3749.0,92.03,58.95,14.84,6.1,-2.71,1
226,36,3749.0,112.5,75.1,15.32,7.35,-2.8,1
227,6,575.0,128.89,15.07,7.23,2.92,-4.1,0
228,6,1198.0,131.52,16.81,8.29,2.87,-2.23,0
229,18,1198.0,86.64,31.56,12.45,4.06,-2.6,0
230,6,2591.0,108.45,29.99,10.48,4.18,-2.21,1
231,18,2591.0,89.28,29.76,13.85,3.47,-2.42,1
232,36,2591.0,117.42,34.23,14.72,3.45,-3.05,1
233,6,3302.0,,,,,-2.16,1
234,6,3844.0,109.31,71.52,13.27,7.66,-2.53,1
235,18,3844.0,77.96,49.11,16.6,4.94,-2.17,1
236,6,2745.0,,,,,-2.3,1
237,6,1209.0,125.37,29.75,10.06,4.08,-2.0,1
238,18,1209.0,,,,,-1.9,1
239,30,1209.0,87.79,30.05,12.08,3.69,-1.67,1
240,6,2892.0,98.78,31.64,11.3,4.07,-2.44,1
241,6,2564.0,130.81,41.19,12.38,4.66,-2.3,1
242,18,2564.0,85.65,44.84,13.65,4.94,-1.8,1
243,36,2564.0,86.96,44.04,19.31,4.45,-2.61,1
244,6,3081.0,106.51,27.83,11.0,3.99,,1
245,18,3081.0,71.48,58.65,16.98,5.42,-2.15,1
246,30,3081.0,109.75,51.58,13.45,5.62,-2.7,1
247,6,3767.0,102.7,48.22,13.17,4.92,-2.19,1
248,18,3767.0,88.61,36.92,15.27,3.82,-2.77,1
249,6,587.0,,,,,-2.45,1
250,6,1190.0,92.36,14.8,7.14,2.97,-1.5,0
251,6,2406.0,132.93,22.72,8.74,4.12,-1.68,0
252,6,2439.0,149.9,33.18,11.96,4.19,-1.78,0
253,6,3430.0,129.48,25.32,8.81,4.34,,1
254,6,4015.0,,,,,-1.9,0
255,6,536.0,173.25,35.48,9.68,4.94,-1.84,0
256,18,536.0,93.86,53.97,15.82,5.09,-2.76,0
257,6,1193.0,,,,,-2.7,0
258,18,1193.0,116.91,39.86,12.56,5.13,-3.51,0
259,6,1822.0,140.52,43.97,10.45,6.08,-2.8,0
260,18,1822.0,111.93,32.21,10.88,4.14,-3.1,0
261,6,2703.0,155.31,20.79,9.29,3.66,-2.15,0
262,18,2703.0,,,,,,0
263,6,3244.0,110.92,18.12,6.99,4.12,,0
264,18,3244.0,159.3,21.55,7.6,4.42,,0
265,6,3872.0,143.87,26.96,8.58,4.43,-2.3,1
266,18,3872.0,106.56,35.11,11.82,4.71,-2.46,1
267,6,468.0,123.42,22.57,8.1,3.9,-2.2,0
268,6,1116.0,,,,,-2.3,1
269,6,1786.0,154.58,23.13,8.28,3.66,-2.2,0
270,6,2502.0,114.69,29.36,8.75,5.09,-2.2,0
271,6,3212.0,118.81,29.91,10.83,4.63,,0
272,6,3941.0,149.03,30.8,8.86,4.79,-2.41,0
273,6,560.0,128.87,35.94,10.84,4.87,-1.75,1
274,6,1114.0,,,,,-2.4,1
275,6,2025.0,133.29,28.46,9.59,4.06,-2.4,1
276,6,2503.0,139.69,35.63,10.04,5.31,-2.68,0
277,6,3144.0,144.58,27.45,9.1,4.39,,0
278,6,3820.0,145.14,34.03,9.78,5.36,-2.2,0
279,6,446.0,,34.94,9.97,4.95,-2.52,1
280,36,446.0,118.81,36.83,9.87,5.49,-2.86,1
281,6,1126.0,116.92,43.04,11.06,5.58,-2.2,1
282,6,1766.0,117.38,43.86,12.59,5.74,-2.3,1
283,36,1766.0,117.77,40.85,15.37,4.47,-2.12,1
284,6,2430.0,125.72,37.26,9.91,5.53,-2.75,1
285,36,2430.0,94.06,31.65,11.42,4.4,-2.7,1
286,6,3166.0,127.92,23.39,8.02,4.29,,0
287,6,3891.0,128.63,30.75,9.65,4.32,-2.25,1
288,6,655.0,,58.14,12.38,6.54,-1.85,0
289,6,1133.0,88.4,22.6,8.14,3.73,-2.16,0
290,6,1993.0,136.01,39.67,9.12,5.96,-2.5,1
291,6,2640.0,143.42,35.65,10.33,4.94,-2.36,1
292,6,3295.0,129.36,38.51,10.05,5.26,,1
293,6,3809.0,128.33,63.74,13.98,6.8,-2.12,1
294,36,3809.0,95.43,54.96,17.59,5.2,-2.4,1
295,6,513.0,127.0,35.31,10.87,5.03,-2.2,0
296,18,513.0,93.46,43.63,16.24,5.0,,0
297,6,1317.0,,,,,-2.2,0
298,6,1989.0,164.97,16.72,8.08,3.06,-2.6,0
299,6,2495.0,143.48,29.34,9.5,4.63,-1.9,0
300,18,2495.0,91.92,33.69,15.02,4.55,-2.27,0
301,6,3379.0,124.39,33.45,9.59,4.84,,0
302,6,3901.0,146.34,26.74,9.04,4.24,-2.2,1
303,18,3901.0,99.87,46.58,13.07,4.97,-2.34,1
304,30,3901.0,75.56,42.79,16.3,4.52,-3.2,1
305,36,3901.0,83.73,32.04,12.5,3.93,-2.52,1
306,6,572.0,131.71,27.88,9.78,4.21,-1.97,0
307,6,1285.0,132.02,37.31,12.54,4.44,-2.6,1
308,6,1771.0,187.36,13.83,6.42,2.88,-3.16,1
309,6,2620.0,101.65,21.19,10.15,3.7,-1.68,0
310,6,3206.0,140.15,42.16,11.78,5.37,-2.42,1
311,6,3907.0,118.19,22.18,9.44,3.84,-2.5,0
312,6,850.0,,,,,-2.6,0
313,6,1179.0,131.89,49.35,13.77,5.63,-2.56,0
314,6,1949.0,,,,,-2.26,0
315,6,3856.0,139.8,24.0,8.68,4.0,-2.68,0
316,6,754.0,,,,,-2.24,1
317,30,754.0,121.34,56.0,19.42,4.62,-4.71,1
318,6,1147.0,,,,,-2.6,1
319,18,1147.0,110.01,50.48,16.02,4.71,-3.1,1
320,30,1147.0,111.23,32.7,11.73,3.76,-2.76,1
321,36,1147.0,133.69,26.74,11.25,3.7,-2.21,1
322,6,2341.0,122.56,41.53,10.82,5.11,-2.38,1
323,30,2341.0,104.18,39.02,13.31,4.5,-3.57,1
324,6,2469.0,97.84,33.54,10.0,4.82,-2.05,0
325,18,2469.0,77.3,21.77,7.99,3.96,-2.16,0
326,6,3607.0,146.56,51.73,12.25,5.97,,0
327,6,3846.0,129.7,38.6,11.73,4.94,-2.32,1
328,18,3846.0,,,,,-3.29,1
329,6,549.0,86.84,47.4,13.24,5.07,-2.0,0
330,6,1273.0,129.35,32.91,12.17,4.12,-2.7,0
331,6,2100.0,153.67,33.63,9.93,4.64,-1.8,0
332,6,2633.0,135.82,32.09,10.69,4.23,-2.27,0
333,6,3260.0,116.75,31.71,9.58,4.89,,0
334,6,3760.0,148.43,35.85,11.2,4.85,-2.2,1
335,6,801.0,,,,,-3.14,1
336,6,1117.0,,,,,-2.36,1
337,6,1820.0,97.67,77.64,14.37,7.66,-2.13,0
338,6,2558.0,116.54,37.97,11.61,5.06,-2.26,1
339,6,3439.0,96.97,27.17,9.72,4.56,,1
340,6,3866.0,119.26,27.32,10.39,3.53,-2.14,1
341,6,768.0,,,,,-2.94,0
342,6,1243.0,104.73,31.06,11.41,4.08,-2.35,1
343,18,1243.0,92.07,28.36,12.06,3.69,-2.42,1
344,30,1243.0,88.78,28.86,13.06,3.22,-4.52,1
345,36,1243.0,133.93,40.92,13.59,4.51,-1.78,1
346,6,1898.0,118.93,51.29,15.2,5.0,-1.94,0
347,18,1898.0,90.43,47.83,17.53,4.12,-2.59,0
348,6,2606.0,103.54,33.95,12.03,4.32,-1.85,0
349,18,2606.0,83.05,28.65,13.71,3.58,-2.92,0
350,6,3638.0,125.05,19.58,7.37,3.89,,1
351,36,3638.0,90.73,23.47,10.21,3.54,-0.63,1
352,6,3842.0,117.41,19.42,8.98,3.32,-3.46,0
353,18,3842.0,87.79,20.7,8.83,3.41,-2.72,0
354,6,444.0,135.8,29.65,11.52,3.94,-2.15,1
355,18,444.0,111.41,33.42,12.4,4.43,,1
356,30,444.0,,28.9,15.85,3.01,-3.48,1
357,36,444.0,86.83,34.65,17.4,3.24,-1.92,1
358,6,1272.0,97.97,55.96,14.46,5.96,-2.3,1
359,18,1272.0,,,19.52,4.54,-2.23,1
360,30,1272.0,66.6,47.92,18.35,3.98,-3.46,1
361,36,1272.0,100.5,41.71,14.17,4.35,-2.81,1
362,6,2065.0,135.35,14.36,8.54,2.73,-2.1,0
363,6,2623.0,157.33,15.78,8.27,3.06,-1.96,0
364,18,2623.0,112.44,30.3,12.56,3.96,-3.1,0
365,6,3125.0,120.84,27.67,11.19,4.05,,0
366,18,3125.0,,,17.58,4.08,-2.54,0
367,30,3125.0,90.96,32.65,12.29,3.57,-3.57,0
368,6,3758.0,134.15,27.08,10.45,4.22,-2.14,1
369,18,3758.0,98.83,26.64,13.1,3.51,-2.34,1
370,36,3758.0,95.0,26.55,12.39,3.32,-2.08,1
371,6,716.0,103.37,47.32,16.48,4.7,-2.54,1
372,30,716.0,72.24,49.31,19.07,4.28,-4.19,1
373,36,716.0,82.51,35.52,15.7,3.28,,1
374,6,1224.0,,,,,-2.0,0
375,18,1224.0,81.63,33.73,15.46,3.64,,0
376,30,1224.0,89.97,24.74,14.25,2.97,-3.92,0
377,6,1777.0,98.43,24.19,12.35,3.17,-2.38,1
378,18,1777.0,80.5,49.43,15.66,5.27,-2.45,1
379,30,1777.0,84.84,34.06,12.33,4.04,-4.06,1
380,6,2625.0,95.77,48.66,16.15,4.73,-2.11,0
381,6,3139.0,85.38,40.09,15.9,4.1,,0
382,6,4283.0,110.51,37.54,13.01,4.36,-2.0,1
383,30,4283.0,76.66,49.52,20.56,3.46,-4.06,1
384,36,4283.0,73.06,34.78,18.0,3.08,-2.51,1
385,6,441.0,138.68,38.86,12.57,4.98,-2.28,1
386,18,441.0,70.09,63.57,17.29,5.34,-1.94,1
387,6,1143.0,,,,,-2.8,1
388,18,1143.0,69.8,66.24,19.82,5.48,-2.36,1
389,6,1912.0,97.1,54.61,13.17,5.9,-2.38,1
390,18,1912.0,79.68,74.37,21.14,5.59,-2.26,1
391,6,2504.0,144.62,27.22,9.65,4.2,-2.31,0
392,18,2504.0,88.69,51.4,19.15,4.66,-2.8,0
393,6,3834.0,142.11,28.17,8.55,4.47,-2.6,0
394,18,3834.0,112.64,21.2,9.29,3.41,-3.12,0
395,6,464.0,103.91,60.48,14.18,6.25,-2.44,1
396,18,464.0,112.96,27.68,10.34,4.28,-1.96,1
397,30,464.0,63.87,65.79,17.39,5.74,-2.73,1
398,36,464.0,70.66,55.72,15.42,5.27,,1
399,6,1142.0,,,,,-2.77,0
400,18,1142.0,100.56,46.63,14.71,4.68,-2.87,0
401,6,1963.0,101.51,43.25,12.95,5.39,-2.04,0
402,18,1963.0,91.15,78.2,18.54,6.45,,0
403,6,2536.0,143.44,20.26,7.44,3.81,-2.52,1
404,18,2536.0,97.0,46.3,13.83,5.12,-1.69,1
405,30,2536.0,96.77,41.08,14.17,4.44,-2.58,1
406,36,2536.0,131.91,42.52,11.26,5.48,-2.37,1
407,6,3092.0,121.36,40.5,11.96,5.73,,1
408,18,3092.0,111.21,41.37,14.95,4.5,-2.4,1
409,6,3745.0,103.13,44.36,12.07,5.62,-2.06,1
410,18,3745.0,82.49,52.46,16.9,5.05,-1.79,1
411,36,3745.0,89.29,46.9,14.21,5.43,-1.81,1
412,6,629.0,130.27,20.97,9.16,3.46,-2.1,0
413,18,629.0,113.98,23.22,12.3,3.34,-3.5,0
414,6,1120.0,,,,,-1.63,1
415,18,1120.0,70.92,23.21,11.73,3.02,-2.23,1
416,30,1120.0,86.6,36.11,12.71,4.36,-2.42,1
417,36,1120.0,81.26,33.21,13.34,3.83,-2.52,1
418,6,1888.0,118.82,24.93,10.36,3.6,-2.17,1
419,18,1888.0,86.0,36.98,14.12,4.08,-2.3,1
420,36,1888.0,89.05,36.33,13.82,3.83,-1.41,1
421,6,2460.0,109.45,19.23,8.25,3.55,-1.92,1
422,18,2460.0,66.46,29.4,13.62,3.59,-1.85,1
423,30,2460.0,86.84,29.07,12.25,3.67,-3.94,1
424,36,2460.0,85.73,27.26,11.32,3.01,-0.93,1
425,6,3373.0,112.71,26.49,10.54,3.77,,0
426,6,3869.0,108.67,31.29,10.86,4.09,-2.33,1
427,18,3869.0,92.38,35.47,12.54,4.43,-3.0,1
428,36,3869.0,107.78,40.8,14.73,4.09,-1.97,1
429,6,591.0,113.71,33.74,11.27,4.37,-1.9,0
430,18,591.0,95.88,36.74,16.02,3.69,-1.72,0
431,6,1214.0,,,,,-1.85,0
432,18,1214.0,99.78,38.12,13.01,4.82,-1.89,0
433,6,1768.0,112.41,27.71,9.25,4.42,-2.07,1
434,18,1768.0,100.4,38.84,12.33,4.78,-1.87,1
435,30,1768.0,110.09,30.27,10.04,4.53,-3.57,1
436,36,1768.0,87.67,47.16,14.1,5.08,,1
437,6,2604.0,111.3,23.67,8.93,3.65,-2.42,0
438,18,2604.0,,,,,-1.83,0
439,6,3450.0,104.51,25.95,11.33,3.31,,1
440,6,3776.0,107.88,27.91,9.34,4.17,-2.1,1
441,18,3776.0,92.58,40.65,15.17,4.08,-2.48,1
442,36,3776.0,105.29,36.2,14.07,3.4,-1.63,1
443,6,532.0,119.9,28.91,9.48,4.49,-1.7,0
444,18,532.0,80.07,20.82,10.02,3.33,-2.76,0
445,6,1111.0,,,,,-1.88,0
446,18,1111.0,70.31,34.77,16.47,3.44,-3.15,0
447,30,1111.0,87.86,22.93,13.57,2.56,-4.36,0
448,6,1850.0,111.94,31.39,11.58,4.29,-1.66,0
449,18,1850.0,85.4,33.82,15.91,3.23,-2.88,0
450,6,2425.0,112.09,20.37,8.23,3.71,-2.6,1
451,18,2425.0,63.05,28.44,14.1,3.33,-2.18,1
452,36,2425.0,86.71,19.08,9.13,3.3,,1
453,6,3218.0,107.52,30.55,11.67,3.96,-1.68,1
454,18,3218.0,91.78,38.96,15.24,3.84,-2.28,1
455,30,3218.0,77.39,35.93,15.06,3.72,-4.52,1
456,6,3879.0,106.7,27.6,9.74,4.34,-2.57,1
457,18,3879.0,93.3,25.13,10.69,3.36,-3.1,1
458,36,3879.0,105.26,29.57,11.11,4.01,-2.91,1
459,6,577.0,136.02,26.29,12.88,3.51,-2.0,0
460,6,1284.0,124.89,31.54,11.64,4.38,-2.6,0
461,6,1847.0,97.27,26.44,12.02,4.02,-1.98,0
462,18,1847.0,82.78,26.16,14.47,3.31,-3.53,0
463,6,2447.0,107.09,16.9,7.73,3.28,-1.76,0
464,18,2447.0,92.41,32.19,14.56,3.69,,0
465,6,3478.0,108.67,25.84,10.6,4.07,,0
466,6,3773.0,101.06,24.8,10.2,3.73,-2.32,1
467,18,3773.0,56.08,44.76,23.24,3.11,-2.61,1
468,6,649.0,110.93,43.88,12.06,5.29,-2.04,0
469,18,649.0,85.31,43.64,15.07,4.6,-2.16,0
470,6,1242.0,106.36,19.48,9.54,3.31,-1.8,0
471,6,1845.0,110.71,19.72,10.39,3.11,-2.3,0
472,18,1845.0,71.23,21.74,13.77,2.74,-3.05,0
473,6,2524.0,135.05,44.23,12.1,5.43,-2.05,1
474,18,2524.0,91.28,43.27,16.57,4.4,-3.1,1
475,6,3094.0,107.69,21.66,10.6,3.15,,0
476,18,3094.0,66.1,37.57,19.2,2.98,-2.26,0
477,6,3778.0,110.63,20.49,10.18,3.27,-2.9,0
478,6,474.0,102.37,53.05,13.39,6.07,-1.82,0
479,6,1229.0,,,10.47,4.37,-2.6,0
480,6,1976.0,107.64,28.52,12.21,5.41,-1.94,0
481,6,2626.0,121.67,45.35,9.35,3.24,-2.08,0
482,6,3213.0,97.23,18.07,14.48,6.57,,1
483,6,3833.0,105.9,63.59,9.12,4.57,-2.14,1
484,6,557.0,180.86,19.18,8.65,3.3,-1.8,0
485,18,557.0,119.07,28.05,12.58,3.47,-2.6,0
486,6,1211.0,,,,,-1.74,1
487,18,1211.0,84.61,29.33,13.63,3.61,-2.42,1
488,6,1871.0,,,,,-2.39,1
489,18,1871.0,,,,,,1
490,6,2601.0,134.55,26.78,10.38,4.05,-1.81,0
491,18,2601.0,91.73,31.91,13.11,3.86,-2.31,0
492,6,3292.0,105.13,42.28,14.0,5.01,,0
493,18,3292.0,114.48,36.03,12.78,4.84,,0
494,6,3797.0,118.76,23.89,9.31,4.06,-1.93,0
495,18,3797.0,91.69,28.28,13.9,3.35,-2.65,0
496,6,485.0,109.33,63.89,16.94,6.17,-2.17,1
497,18,485.0,69.87,69.78,26.4,4.56,-2.55,1
498,30,485.0,69.5,47.78,22.47,3.45,-2.95,1
499,36,485.0,104.16,57.29,16.66,5.68,-3.31,1
500,6,1234.0,,,,,-2.64,1
501,18,1234.0,,,,,-2.99,1
502,30,1234.0,83.01,39.45,18.15,3.5,-3.14,1
503,36,1234.0,66.11,42.34,18.16,3.49,-1.88,1
504,6,1841.0,116.94,34.6,14.72,3.86,-2.22,1
505,18,1841.0,63.84,39.58,22.63,2.99,,1
506,30,1841.0,82.1,40.64,19.68,3.54,-3.8,1
507,6,2518.0,103.68,47.59,13.75,5.73,-2.01,1
508,18,2518.0,97.37,60.09,21.07,4.4,-2.62,1
509,30,2518.0,123.86,53.67,14.01,5.81,-5.28,1
510,36,2518.0,105.25,41.36,13.59,4.88,,1
511,6,3518.0,81.95,40.84,15.18,4.39,,1
512,6,3832.0,81.42,57.19,17.64,4.98,-2.3,1
513,18,3832.0,,33.38,16.73,2.64,-2.68,1
514,30,3832.0,65.21,47.67,18.96,3.75,-3.84,1
515,36,3832.0,94.91,40.34,15.07,3.62,-2.25,1
516,6,657.0,138.72,52.81,12.86,5.7,-1.55,0
517,18,657.0,92.95,70.88,21.38,5.31,,0
518,6,1297.0,112.9,15.61,7.59,3.11,-2.4,0
519,18,1297.0,,,,,-3.2,0
520,6,1788.0,97.35,65.73,15.67,6.0,-2.28,1
521,18,1788.0,79.54,70.18,23.12,4.26,-2.55,1
522,30,1788.0,71.63,52.39,18.49,4.23,-3.91,1
523,36,1788.0,108.98,42.01,11.35,5.08,-1.93,1
524,6,2588.0,98.8,30.15,10.23,4.57,-1.3,0
525,18,2588.0,76.94,41.47,13.27,4.31,-2.33,0
526,6,3121.0,106.55,58.0,15.72,6.02,,1
527,18,3121.0,69.59,37.79,18.47,3.49,-2.44,1
528,30,3121.0,67.58,35.75,18.86,3.26,-3.3,1
529,36,3121.0,65.6,43.59,20.36,3.6,-2.44,1
530,6,3957.0,105.81,41.74,11.95,5.28,-2.07,1
531,18,3957.0,68.05,51.89,22.17,4.0,-2.0,1
532,36,3957.0,89.95,33.09,16.13,3.44,-2.29,1
533,6,630.0,132.75,40.36,11.23,5.44,-2.52,0
534,6,1163.0,99.81,32.6,13.15,4.12,-2.04,1
535,6,1772.0,155.71,19.12,7.91,3.72,-2.64,0
536,6,2477.0,86.96,28.76,13.22,3.64,-2.45,1
537,6,3238.0,81.41,21.4,12.22,3.42,,0
538,6,3791.0,92.58,42.86,14.71,4.99,-2.38,1
539,6,494.0,133.03,28.94,11.62,4.15,-1.84,0
540,6,1250.0,,,,,-1.93,0
541,6,2198.0,129.62,29.03,10.05,4.27,-2.0,0
542,6,2530.0,145.14,27.62,10.39,4.1,-2.07,0
543,6,3100.0,158.46,31.57,11.5,4.04,-2.04,0
544,6,3829.0,140.44,30.31,12.18,3.95,-1.83,0
545,6,489.0,158.94,15.36,8.39,2.71,-1.9,1
546,18,489.0,,,8.96,3.72,-2.28,1
547,30,489.0,97.87,20.13,7.97,3.78,-3.32,1
548,36,489.0,100.68,22.65,8.41,3.77,-2.63,1
549,6,1506.0,122.27,24.64,9.35,4.16,-2.0,0
550,6,1893.0,104.6,18.31,9.02,2.87,-1.8,1
551,18,1893.0,93.13,23.01,10.8,3.46,-1.48,1
552,30,1893.0,115.29,23.26,9.95,3.54,-3.81,1
553,36,1893.0,104.97,21.99,9.17,3.56,-1.96,1
554,6,2614.0,127.56,17.79,9.1,3.18,-2.43,0
555,18,2614.0,120.82,24.29,9.57,4.21,-2.84,0
556,30,2614.0,110.19,26.33,9.87,4.3,-3.81,0
557,6,3088.0,117.52,26.0,9.73,4.19,,0
558,18,3088.0,118.03,38.56,8.98,3.73,-2.45,0
559,30,3088.0,116.14,30.31,12.86,3.89,-4.51,0
560,6,4002.0,112.69,14.43,10.58,4.63,-1.85,0
561,6,607.0,106.44,47.49,14.42,5.05,-1.94,1
562,18,607.0,85.21,51.53,20.94,3.88,,1
563,30,607.0,83.77,38.22,16.87,3.42,-3.42,1
564,36,607.0,73.91,28.12,14.3,2.88,-2.67,1
565,6,1155.0,102.33,,,,-2.2,1
566,18,1155.0,85.83,47.39,18.9,4.11,-2.38,1
567,30,1155.0,81.46,43.58,19.3,3.87,-3.64,1
568,36,1155.0,101.94,44.96,19.38,3.21,-2.47,1
569,6,2193.0,121.23,34.49,11.29,5.11,-2.3,0
570,6,2570.0,118.27,30.15,10.27,4.75,-2.27,1
571,18,2570.0,92.36,35.97,14.19,4.91,-2.1,1
572,30,2570.0,90.22,25.63,13.77,3.06,-3.38,1
573,36,2570.0,82.19,27.17,16.6,2.73,-2.21,1
574,36,2570.0,85.68,37.1,16.22,3.55,-2.02,1
575,6,3271.0,101.48,44.71,13.39,5.25,,0
576,18,3271.0,70.17,33.38,16.33,3.46,-2.52,0
577,6,3926.0,103.42,44.74,12.99,5.59,-1.63,0
578,18,3926.0,,,,,-2.32,0
579,6,463.0,154.38,30.97,10.15,4.64,-2.02,1
580,6,1315.0,,,,,-2.36,0
581,6,1887.0,103.74,28.29,10.4,4.03,-2.8,1
582,6,2542.0,115.93,32.42,10.78,4.25,-2.4,1
583,6,3270.0,103.0,30.98,12.06,4.23,,0
584,6,3955.0,100.04,37.3,12.12,4.54,-2.3,1
585,6,603.0,111.09,44.66,12.12,5.01,-1.56,0
586,18,603.0,69.47,36.74,9.67,4.76,-2.42,0
587,6,1217.0,164.01,38.06,11.79,5.02,-2.0,1
588,18,1217.0,125.53,45.26,16.49,4.15,-2.23,1
589,30,1217.0,99.48,41.12,16.44,4.14,-1.28,1
590,36,1217.0,121.12,40.26,14.38,4.36,-1.27,1
591,6,2189.0,164.55,32.65,9.74,4.97,-2.27,0
592,6,2557.0,144.99,43.85,12.86,5.14,-1.9,0
593,18,2557.0,83.21,65.56,21.27,5.03,-2.17,0
594,30,2557.0,92.57,41.17,16.31,4.18,-5.48,0
595,6,3184.0,140.39,29.31,9.37,4.73,,0
596,18,3184.0,,,,,-2.93,0
597,6,3959.0,141.03,24.4,9.32,4.09,-1.9,0
598,18,3959.0,118.79,32.99,12.62,4.07,-2.22,0
599,6,512.0,128.35,30.97,11.12,3.83,-1.73,1
600,18,512.0,88.53,45.4,13.79,3.65,-2.53,1
601,6,1186.0,108.48,30.07,10.56,4.48,-3.68,0
602,18,1186.0,74.04,21.92,16.06,2.68,-3.07,0
603,6,1873.0,102.56,37.01,12.04,4.9,-2.7,1
604,18,1873.0,85.88,26.58,8.69,4.06,-2.08,1
605,36,1873.0,87.01,30.94,16.16,3.3,-2.23,1
606,6,2548.0,116.08,29.72,11.52,3.89,-2.2,1
607,18,2548.0,81.92,44.79,16.56,4.32,-2.31,1
608,30,2548.0,100.92,22.76,12.25,2.91,-2.98,1
609,6,3451.0,138.89,27.71,9.17,4.67,-2.03,1
610,6,3826.0,110.43,30.59,10.03,4.84,-2.54,1
611,18,3826.0,,,18.74,4.14,-2.8,1
612,30,3826.0,91.18,35.88,16.06,3.27,-3.68,1
613,36,3826.0,95.71,34.79,17.39,3.14,-1.82,1
614,6,520.0,149.53,39.55,9.76,6.56,-1.68,0
615,18,520.0,88.45,55.68,16.1,5.33,-2.54,0
616,6,1233.0,,,,,-2.0,1
617,18,1233.0,94.88,28.56,12.33,4.0,-2.58,1
618,6,1849.0,116.7,42.74,11.27,5.58,-2.54,0
619,18,1849.0,85.94,57.01,18.4,4.76,-3.04,0
620,6,2543.0,149.22,23.78,8.63,4.14,-1.63,0
621,18,2543.0,115.94,36.07,14.45,4.25,-2.88,0
622,6,3445.0,128.42,37.01,9.81,5.5,-2.5,0
623,6,3790.0,117.75,44.03,10.89,5.97,-2.4,0
624,18,3790.0,,45.02,15.74,5.0,-2.62,0
625,18,565.0,85.12,22.18,13.2,2.67,-2.39,0
626,18,1220.0,96.44,16.51,10.85,2.71,-3.06,0
627,18,1930.0,92.58,44.98,17.67,4.39,-3.33,0
628,18,2437.0,85.02,33.78,17.19,3.29,-2.2,1
629,18,3247.0,93.7,29.24,15.3,3.28,-2.58,0
630,18,3814.0,,,,,-2.41,1
631,18,613.0,,,14.35,5.51,,0
632,18,1132.0,94.74,25.05,13.64,3.23,-2.72,0
633,18,1816.0,127.42,25.71,12.62,3.46,-3.61,0
634,18,2611.0,110.82,22.16,12.13,3.11,-3.45,0
635,18,3126.0,89.3,21.79,12.34,3.02,-2.65,0
636,18,3948.0,95.11,33.86,13.03,4.23,-2.26,0
637,18,460.0,110.26,13.89,6.9,2.92,-2.67,0
638,18,1174.0,101.94,33.95,14.39,4.05,-3.82,0
639,18,1848.0,87.99,23.63,12.32,3.25,-3.38,0
640,18,2505.0,82.7,30.17,13.79,3.75,-3.11,0
641,18,3222.0,108.17,32.13,14.4,4.0,-3.25,0
642,18,3756.0,91.7,24.11,11.06,3.57,-2.58,0
643,18,669.0,105.99,45.79,15.78,4.92,,1
644,30,669.0,97.52,38.67,13.86,4.32,-2.62,1
645,36,669.0,92.4,29.71,11.5,4.01,-1.31,1
646,18,1896.0,74.35,65.75,14.63,6.56,-2.71,1
647,18,3221.0,95.23,49.42,16.96,4.46,-2.53,1
648,30,3221.0,92.45,42.3,16.22,3.61,-3.63,1
649,36,3221.0,105.13,54.83,15.96,4.85,-3.06,1
650,18,3108.0,91.32,24.13,12.54,3.18,-3.01,0
651,18,1958.0,83.11,47.49,17.83,4.11,,0
652,18,2772.0,98.61,43.62,14.92,4.66,,1
653,18,525.0,95.03,20.87,8.98,3.87,-3.58,0
654,18,1206.0,90.46,22.62,13.26,3.17,-2.73,0
655,18,1763.0,84.44,31.57,14.24,3.71,-2.38,0
656,18,2575.0,91.01,33.67,14.49,3.72,-2.33,1
657,18,3085.0,89.08,34.36,11.48,4.63,-2.4,1
658,18,3942.0,,,,,-3.03,0
659,18,1818.0,96.69,66.97,13.83,4.54,-2.6,1
660,30,1818.0,112.97,42.03,14.96,4.23,-3.35,1
661,36,1818.0,93.94,38.7,16.14,3.78,-2.84,1
662,18,1881.0,101.63,53.2,13.91,5.85,-2.71,1
663,30,1881.0,112.13,31.85,9.42,4.73,-3.24,1
664,36,1881.0,65.8,44.12,10.42,5.59,-3.2,1
665,18,3104.0,98.94,40.52,14.77,4.66,-2.13,1
666,30,3104.0,91.07,31.63,13.36,3.9,-2.82,1
667,36,3104.0,116.39,32.53,10.39,4.52,-3.07,1
668,18,442.0,81.99,33.17,18.23,3.31,-3.06,1
669,30,442.0,105.84,35.83,15.42,3.99,-3.96,1
670,36,442.0,138.23,32.69,13.58,4.05,-2.36,1
671,18,1235.0,,,,,,1
672,30,1235.0,86.5,45.03,20.03,3.83,-2.88,1
673,18,1945.0,90.19,31.61,15.39,3.57,-2.9,0
674,18,2528.0,119.94,41.38,14.13,4.69,-1.98,0
675,30,2528.0,98.9,38.16,13.15,4.54,-4.27,0
676,18,2642.0,94.88,40.18,17.35,4.16,,1
677,18,2956.0,,,,,,1
678,18,653.0,91.46,34.85,16.65,3.42,-2.81,0
679,18,1121.0,71.63,27.83,16.32,3.08,-2.66,1
680,18,1980.0,,,,,-2.43,1
681,36,1980.0,61.4,31.61,12.87,4.02,-2.86,1
682,18,2621.0,76.79,46.15,20.85,3.63,-1.98,1
683,30,2621.0,72.83,48.69,21.99,3.36,-3.02,1
684,36,2621.0,76.46,67.36,17.04,3.79,,1
685,18,3091.0,63.88,53.16,25.37,3.46,-2.46,1
686,36,3091.0,87.74,45.67,17.86,3.96,-2.58,1
687,18,3958.0,63.67,63.74,20.32,4.62,-1.96,1
688,30,3958.0,64.98,46.45,17.13,4.01,-3.99,1
689,36,3958.0,166.03,39.85,11.58,4.94,-1.23,1
690,18,511.0,95.44,37.28,12.69,4.96,-2.42,1
691,18,1219.0,88.96,42.12,16.26,3.95,-2.87,0
692,18,2837.0,,,,,,1
693,18,2993.0,107.11,40.41,16.66,4.15,,1
694,18,3151.0,98.8,36.5,17.95,3.52,-2.61,1
695,18,3789.0,72.86,26.23,14.98,2.55,-2.89,1
696,18,614.0,138.3,29.6,9.19,4.94,-2.99,0
697,18,1291.0,81.4,28.22,13.32,3.67,-3.06,0
698,18,1884.0,101.43,26.96,10.57,4.0,-3.35,0
699,18,2470.0,60.86,28.2,17.78,2.41,-2.73,1
700,18,3178.0,91.59,22.16,10.8,3.14,-3.08,0
701,18,3943.0,79.21,30.85,14.08,3.48,-3.24,0
702,18,546.0,98.94,25.49,9.71,4.08,-3.07,0
703,18,1281.0,82.64,41.83,14.5,4.7,-2.76,1
704,18,1915.0,88.42,30.64,14.15,3.6,-3.2,0
705,18,2579.0,,,14.18,3.08,-2.36,0
706,18,3259.0,76.07,25.48,12.64,3.37,-2.68,0
707,18,3905.0,86.16,26.6,11.96,3.69,-2.51,0
708,18,1252.0,87.89,44.53,16.33,4.4,-2.82,1
709,30,1252.0,74.89,37.97,15.48,4.02,-3.09,1
710,36,1252.0,66.96,37.67,15.83,3.7,-1.85,1
711,18,2496.0,77.9,37.43,13.21,4.66,-2.4,1
712,30,2496.0,92.01,39.29,12.65,4.65,-4.32,1
713,36,2496.0,86.13,42.11,13.59,4.93,,1
714,18,3248.0,81.42,47.57,15.31,5.47,-2.62,1
715,36,3248.0,95.13,44.04,13.91,4.91,-3.78,1
716,18,1863.0,75.72,39.17,15.64,3.98,-2.33,1
717,30,1863.0,71.86,47.32,15.41,4.4,-2.89,1
718,36,1863.0,97.12,39.82,14.43,4.19,-1.88,1
719,18,621.0,105.82,36.8,15.7,4.11,-3.34,0
720,18,1146.0,72.11,56.44,18.55,4.42,-2.61,1
721,30,1146.0,91.94,58.07,17.01,5.37,-3.87,1
722,36,1146.0,82.33,36.84,14.29,3.81,-1.68,1
723,18,1961.0,76.79,66.57,18.39,5.54,-2.08,0
724,18,2507.0,87.68,37.15,12.71,4.66,-2.22,1
725,30,2507.0,79.37,40.52,16.89,4.13,-4.81,1
726,36,2507.0,74.61,47.93,13.59,3.73,-2.35,1
727,18,3147.0,80.95,37.88,12.55,4.81,-2.78,1
728,30,3147.0,90.97,30.69,9.7,4.67,-3.59,1
729,36,3147.0,94.49,32.31,9.56,4.72,-3.93,1
730,18,3816.0,66.41,41.17,16.44,4.07,-2.71,1
731,30,3816.0,86.4,41.95,13.08,5.37,-3.76,1
732,36,3816.0,87.87,33.88,11.25,4.4,-2.72,1
733,18,3163.0,101.16,40.07,14.95,3.79,-2.63,0
734,18,585.0,99.35,22.13,13.96,2.53,-2.15,1
735,18,1215.0,93.78,29.47,13.15,3.83,-2.57,0
736,18,1922.0,105.89,40.25,13.01,5.08,-2.87,0
737,18,2468.0,114.34,31.1,12.93,4.05,-2.54,0
738,18,3223.0,109.19,47.91,15.21,5.6,-2.35,0
739,18,3918.0,108.05,38.96,13.43,4.96,-2.74,0
740,18,2658.0,83.36,47.82,13.34,5.59,,0
741,18,1801.0,91.78,39.21,13.88,4.16,-2.8,1
742,18,3160.0,87.08,44.56,18.2,4.65,-2.5,0
743,18,506.0,93.17,38.05,15.52,4.45,-2.49,0
744,18,1145.0,99.9,44.96,12.77,5.59,-2.41,1
745,18,1950.0,94.88,39.64,13.87,4.6,-2.29,0
746,18,2472.0,91.03,37.92,13.43,4.41,-1.77,0
747,18,3117.0,76.13,28.72,15.3,3.16,-1.98,0
748,18,3775.0,,,,,-2.82,1
749,18,651.0,71.07,34.82,17.98,3.35,-1.92,0
750,18,1868.0,128.99,23.15,8.15,4.16,-2.98,1
751,18,2963.0,,,,,,0
752,18,625.0,74.06,52.73,17.36,4.26,-2.02,0
753,18,3209.0,91.64,32.29,15.39,3.41,-2.78,1
754,30,3209.0,106.47,28.08,13.62,3.45,-3.25,1
755,36,3209.0,113.98,29.12,9.59,4.68,-0.32,1
756,18,627.0,113.52,43.01,14.42,4.55,-3.65,0
757,18,1160.0,100.24,36.89,16.03,3.82,-3.62,0
758,18,1870.0,81.94,33.7,12.91,4.05,-2.32,1
759,18,2605.0,101.34,26.09,10.42,3.72,-2.76,0
760,18,3243.0,90.1,34.98,15.56,3.97,-2.56,1
761,18,3890.0,120.51,30.01,15.25,3.61,-2.79,0
762,18,1839.0,91.83,29.77,14.4,3.3,-2.49,0
763,18,659.0,,,7.74,2.83,,0
764,18,3915.0,104.29,14.5,,,-3.28,0
765,18,647.0,72.54,28.4,11.21,3.77,-2.48,1
766,18,1118.0,107.12,28.45,13.35,3.31,-2.95,0
767,18,1857.0,,,,,,0
768,18,2501.0,,,,,-2.48,0
769,18,3131.0,,37.11,14.65,3.62,-3.17,1
770,18,3952.0,,,,,-2.96,1
771,18,3132.0,77.25,63.34,19.45,5.13,-2.08,1
772,18,757.0,105.22,34.06,13.0,4.31,,0
773,18,1119.0,94.44,35.89,13.4,4.37,-3.11,0
774,18,1939.0,101.42,28.4,11.33,4.25,-3.21,0
775,18,2594.0,,,,,-3.06,0
776,18,3288.0,88.81,33.99,13.28,4.02,-3.5,0
777,18,3884.0,,37.86,16.65,4.26,-3.84,0
778,18,3154.0,68.06,42.06,15.09,4.63,-2.44,1
779,36,3154.0,79.1,25.44,10.84,3.24,-3.18,1
780,18,3106.0,84.1,44.92,11.91,5.36,-2.3,1
781,30,3106.0,98.3,29.19,8.73,4.98,-3.18,1
782,18,527.0,,50.38,17.35,4.56,-2.11,0
783,18,1183.0,121.69,41.54,11.89,4.78,-2.82,0
784,18,1894.0,77.03,73.56,22.14,5.25,-2.8,1
785,36,1894.0,98.11,68.23,15.78,7.04,-2.62,1
786,18,2613.0,,56.11,22.26,3.83,-2.61,1
787,30,2613.0,77.59,44.89,18.61,3.84,-4.13,1
788,36,2613.0,73.47,38.31,15.32,3.75,,1
789,18,3182.0,75.3,47.67,21.13,3.6,-2.6,1
790,30,3182.0,94.14,36.2,10.91,4.9,-3.49,1
791,36,3182.0,101.03,51.63,15.38,5.03,-3.47,1
792,18,3810.0,,38.6,17.45,3.76,-2.77,0
793,18,490.0,98.04,33.61,11.9,4.21,-2.72,1
794,30,490.0,92.25,31.41,11.99,3.96,-4.66,1
795,18,1289.0,83.3,16.66,11.77,2.17,-3.94,0
796,18,1865.0,78.58,36.56,10.52,4.16,-4.2,0
797,18,2444.0,76.06,59.36,17.64,3.32,-2.04,0
798,30,2444.0,85.97,29.37,15.21,2.84,-4.58,0
799,18,3300.0,64.5,60.72,20.25,4.72,-3.3,0
800,18,841.0,109.6,28.0,14.42,6.19,,1
801,30,841.0,75.38,48.75,13.15,5.49,-2.62,1
802,18,3196.0,68.29,24.35,15.3,2.71,-1.2,1
803,18,443.0,76.58,37.12,14.94,4.18,-2.17,1
804,18,1274.0,98.27,47.17,16.78,4.31,-2.92,0
805,18,1937.0,80.95,49.25,17.36,4.57,-2.32,0
806,18,2600.0,86.02,28.43,9.13,4.24,-3.75,0
807,18,3146.0,65.15,44.15,13.39,3.49,-2.22,0
808,18,3824.0,,,17.37,4.18,-2.72,1
809,18,617.0,70.3,29.29,15.35,3.12,-2.71,1
810,30,617.0,,21.72,14.17,2.34,-4.47,1
811,18,1956.0,126.49,34.29,11.05,4.7,,0
812,18,2549.0,99.24,28.1,9.48,4.23,-2.58,0
813,18,3105.0,78.7,61.94,16.71,5.94,-2.28,1
814,18,3953.0,92.61,48.21,13.09,5.45,-2.0,0
815,18,593.0,71.85,30.74,11.81,4.36,,0
816,18,1222.0,,,,,,0
817,18,1866.0,91.1,31.79,12.89,4.41,-2.09,0
818,18,2545.0,85.8,32.35,15.31,4.2,-2.36,1
819,18,3298.0,94.24,29.26,15.31,3.3,-2.83,0
820,18,3838.0,100.08,34.18,11.94,5.04,-2.33,0
821,18,2843.0,88.53,58.34,19.34,4.45,,1
822,18,763.0,79.23,15.57,,,,0
823,18,3771.0,72.7,15.08,8.09,2.96,-2.21,1
824,36,3771.0,64.24,20.37,11.06,2.67,-2.69,1
825,18,727.0,91.01,43.94,17.78,4.37,,0
826,18,3193.0,98.91,35.72,16.36,3.62,-2.14,0
827,18,767.0,112.61,44.43,13.12,5.16,,1
828,18,1105.0,97.45,43.31,15.16,4.66,-3.23,1
829,30,1105.0,112.24,34.74,13.33,4.36,-2.72,1
830,18,1794.0,100.33,44.62,16.34,4.59,-3.43,1
831,30,1794.0,118.46,37.4,14.47,3.89,-3.57,1
832,18,2534.0,101.41,52.33,13.84,5.38,-2.7,1
833,30,2534.0,94.68,45.16,11.7,5.36,-3.92,1
834,18,3291.0,108.16,40.89,12.02,4.97,-2.56,1
835,30,3291.0,90.63,41.65,14.71,4.07,-4.76,1
836,18,3933.0,76.83,39.95,13.77,4.67,-2.65,1
837,18,1967.0,125.66,38.9,12.38,5.01,-2.3,0
838,18,671.0,67.82,23.38,19.33,4.7,,1
839,30,671.0,95.87,40.32,15.98,3.73,-3.88,1
840,18,1302.0,67.36,36.02,13.99,3.98,-2.84,0
841,18,1812.0,75.34,39.89,19.06,3.69,-3.55,1
842,30,1812.0,89.1,35.95,13.65,4.0,-3.62,1
843,36,1812.0,82.4,39.1,18.76,3.4,,1
844,18,2429.0,69.66,44.77,18.77,3.48,-2.5,1
845,36,2429.0,103.26,25.45,9.31,3.61,-2.12,1
846,18,3168.0,99.45,34.46,17.36,2.9,-3.06,0
847,18,3854.0,90.73,54.73,10.36,3.31,-2.69,1
848,30,3854.0,84.26,25.88,9.69,3.96,-2.02,1
849,36,3854.0,102.93,35.13,10.73,4.54,-1.37,1
850,30,11.0,96.47,33.86,13.47,3.94,-4.0,1
851,36,11.0,104.69,28.27,10.68,4.04,-0.75,1
852,30,253.0,84.19,36.03,14.39,4.11,-3.63,1
853,36,253.0,79.18,39.43,15.4,3.94,-1.03,1
854,30,4256.0,91.37,51.17,15.93,5.01,-3.01,1
855,36,4256.0,100.39,39.1,14.07,4.6,-1.57,1
856,30,818.0,87.43,34.01,16.67,2.97,-2.48,1
857,36,818.0,74.43,37.1,17.19,3.17,-1.17,1
858,30,24.0,145.22,45.38,16.14,4.1,-4.26,1
859,36,24.0,165.26,41.4,13.24,4.81,-2.35,1
860,30,370.0,100.96,43.27,15.98,3.94,-2.43,1
861,36,370.0,80.67,51.93,18.95,4.27,-1.32,1
862,30,704.0,85.93,50.66,17.44,4.6,-3.63,1
863,36,704.0,126.11,37.64,11.66,4.79,-1.25,1
864,30,34.0,95.14,36.73,10.15,5.28,-3.05,1
865,36,34.0,74.04,43.22,15.68,4.13,-2.13,1
866,30,930.0,75.85,41.64,16.1,3.89,-3.05,1
867,36,930.0,84.21,38.78,12.81,4.42,,1
868,30,4242.0,91.8,37.22,15.82,3.75,-3.11,1
869,36,4242.0,76.15,37.96,14.92,3.95,,1
870,30,778.0,81.06,35.59,14.48,3.95,-3.11,1
871,30,950.0,86.9,28.88,13.24,3.35,-3.11,1
872,36,950.0,151.28,38.95,14.89,3.69,-2.51,1
873,30,40.0,107.38,19.16,11.65,2.42,-3.39,1
874,36,40.0,117.03,29.02,14.67,3.01,-2.15,1
875,30,372.0,96.31,24.85,14.59,2.64,-3.07,1
876,36,372.0,101.34,28.48,14.55,3.13,,1
877,30,805.0,109.89,27.42,13.46,4.0,-2.71,1
878,36,805.0,99.68,19.25,8.78,3.38,,1
879,30,1078.0,96.24,52.11,16.08,5.32,-3.39,0
880,30,2206.0,94.05,18.48,14.0,2.06,-3.89,1
881,30,813.0,80.73,32.94,13.4,3.93,-4.68,1
882,36,813.0,74.91,31.84,13.82,3.58,,1
883,30,390.0,126.32,43.01,19.5,3.45,-4.98,1
884,36,390.0,94.88,23.02,11.09,3.32,-2.68,1
885,30,4376.0,82.11,39.11,13.87,4.49,-3.35,1
886,36,4376.0,109.7,58.85,14.0,6.49,,1
887,30,1537.0,88.18,38.89,21.59,3.1,-3.19,1
888,30,4356.0,91.04,49.32,18.51,4.58,-3.24,1
889,36,4356.0,75.66,45.77,18.01,4.53,-2.31,1
890,30,66.0,122.26,25.92,15.19,2.55,-3.96,1
891,36,66.0,114.69,38.42,16.65,3.44,-2.48,1
892,30,789.0,96.9,39.87,17.97,3.62,-4.32,1
893,30,68.0,103.65,19.18,13.25,2.14,-4.92,1
894,36,68.0,108.7,37.93,15.15,3.87,-1.68,1
895,30,741.0,74.82,50.95,21.67,3.28,-3.99,1
896,30,1356.0,,42.34,16.51,3.8,-4.53,1
897,30,1438.0,83.25,39.92,14.26,4.54,-3.68,1
898,30,83.0,94.46,36.04,13.94,4.15,-3.9,1
899,36,83.0,84.42,29.97,12.32,3.59,-2.0,1
900,30,891.0,,41.43,13.71,5.0,-3.75,1
901,36,891.0,87.79,43.44,13.21,4.78,-2.68,1
902,30,1095.0,74.92,28.61,13.24,3.33,-3.9,1
903,36,1095.0,82.1,27.26,12.8813626,3.19,-2.4,1
904,30,2204.0,62.04,64.71,16.25,6.05,-3.87,1
905,30,287.0,79.26,44.78,19.28,3.72,-3.3,1
906,36,287.0,79.4,53.95,,,-2.54,1
907,30,404.0,90.24,45.93,16.21,4.56,-3.9,1
908,36,404.0,87.55,40.17,15.0,3.91,-2.38,1
909,30,889.0,103.27,33.35,14.08,3.77,-3.88,1
910,36,889.0,125.05,34.51,12.98,4.07,-1.78,1
911,30,124.0,107.71,40.36,15.03,4.12,-2.88,1
912,30,134.0,123.73,35.57,13.07,4.4,-3.56,1
913,30,932.0,108.17,43.21,15.24,4.61,-3.4,1
914,36,932.0,103.74,46.11,16.3,4.48,,1
915,30,4330.0,84.37,44.67,17.53,4.13,-3.86,1
916,36,4330.0,81.58,51.11,16.53,4.59,-1.27,1
917,30,2241.0,91.42,28.16,14.69,2.96,-4.06,1
918,30,2306.0,87.03,64.81,17.09,5.93,-4.06,1
919,30,156.0,93.52,36.62,14.09,4.54,-2.33,1
920,36,156.0,95.21,24.95,12.46,3.62,-1.77,1
921,30,1086.0,73.96,34.06,13.45,4.3,-3.18,1
922,36,1086.0,119.4,25.25,8.24,4.42,,1
923,30,162.0,80.65,29.95,13.19,3.63,-3.27,1
924,36,162.0,77.91,37.01,13.15,3.96,-1.63,1
925,30,721.0,82.49,40.42,15.69,3.84,-2.8,1
926,36,721.0,89.68,35.53,11.27,4.46,-1.58,1
927,30,723.0,76.85,44.72,18.9,3.35,-3.05,1
928,36,723.0,112.78,41.22,14.47,4.23,-2.22,1
929,30,883.0,87.44,51.24,18.75,4.36,-3.41,1
930,36,883.0,113.11,35.65,10.17,4.71,-2.28,1
931,30,424.0,81.63,24.58,12.39,3.25,-4.38,1
932,36,424.0,122.09,21.78,10.98,3.01,-2.39,1
933,30,688.0,,37.13,13.87,4.32,-2.87,1
934,30,206.0,87.71,23.41,8.65,4.2,-4.62,1
935,36,206.0,81.72,25.42,9.89,4.03,-2.86,1
936,30,687.0,84.6,31.94,18.34,2.94,-2.56,1
937,36,687.0,66.35,40.79,21.22,3.19,-2.09,1
938,30,2407.0,88.25,37.99,15.51,3.55,-3.62,1
939,30,4349.0,87.25,38.48,15.15,3.88,-3.41,1
940,36,4349.0,104.41,38.84,15.99,3.69,-1.79,1
941,30,363.0,99.87,37.35,16.23,3.69,-3.48,1
942,36,363.0,95.51,36.96,15.92,3.65,-2.0,1
943,30,795.0,96.46,39.65,16.43,3.58,-2.77,1
944,36,795.0,118.56,36.75,13.73,4.07,,1
945,30,2410.0,74.07,36.33,16.06,3.45,-3.51,1
946,30,3.0,102.13,27.68,11.72,3.77,-3.28,1
947,36,3.0,104.88,19.4,8.38,3.69,-2.62,1
948,30,311.0,96.39,34.85,16.24,3.26,-3.98,0
949,30,781.0,69.03,22.47,12.59,2.8,-4.07,1
950,36,781.0,83.29,29.71,,,-2.75,1
951,30,1026.0,86.8,25.64,14.25,2.87,-2.7,1
952,36,1026.0,135.95,16.86,8.5,2.83,-1.48,1
953,30,4326.0,85.08,35.86,14.92,3.71,-3.08,1
954,30,36.0,122.61,45.56,17.3,4.39,-2.45,1
955,36,36.0,99.2,37.35,16.06,3.41,-2.13,1
956,30,770.0,79.99,44.87,16.53,4.1,-3.72,1
957,30,972.0,96.05,31.94,15.87,3.45,-3.06,1
958,36,972.0,107.26,30.14,13.26,3.39,,1
959,30,1514.0,117.67,45.14,13.67,5.14,-3.52,0
960,30,2221.0,94.23,29.16,15.72,2.91,-3.52,1
961,30,4378.0,83.29,33.23,15.69,3.04,-3.52,1
962,36,4378.0,113.92,46.71,18.94,3.78,-2.28,1
963,30,346.0,62.17,41.1,12.85,4.38,-2.5,1
964,36,346.0,85.75,28.48,11.93,3.38,-2.86,1
965,30,856.0,90.78,22.01,13.58,2.79,-4.39,1
966,36,856.0,93.64,26.17,11.16,3.58,-2.64,1
967,30,1099.0,105.48,39.61,19.3,3.24,-3.68,1
968,36,1099.0,113.51,35.35,15.34,3.2,-2.53,1
969,30,1502.0,104.75,29.94,12.21,4.07,-3.36,0
970,30,4384.0,98.56,36.91,15.45,3.49,-3.36,1
971,36,4384.0,99.92,47.86,16.17,4.2,-2.39,1
972,30,225.0,101.88,32.87,12.41,4.25,-3.98,1
973,36,225.0,118.1,44.82,15.7,4.77,-1.78,1
974,30,694.0,102.06,53.12,15.72,4.67,-2.59,1
975,36,694.0,99.8,41.7,14.88,4.19,-1.13,1
976,30,1030.0,102.99,37.91,14.59,4.51,-3.5,1
977,36,1030.0,122.06,35.01,13.34,3.89,-2.07,1
978,30,1451.0,86.89,41.31,15.19,4.22,-2.9,1
979,30,4248.0,96.73,49.53,16.96,4.76,-3.66,1
980,36,4248.0,80.05,56.42,16.01,5.14,-2.58,1
981,30,21.0,100.55,35.53,12.9,3.9,-4.42,1
982,30,1415.0,100.71,45.53,18.87,3.61,-4.37,1
983,30,272.0,96.56,38.32,14.06,4.26,-3.68,1
984,36,272.0,116.25,41.33,16.01,3.92,-2.44,1
985,30,852.0,73.96,47.52,16.56,4.22,-4.24,1
986,36,852.0,92.49,31.76,9.5,4.57,-2.48,1
987,30,924.0,115.55,35.13,14.54,3.83,-4.1,1
988,36,924.0,108.3,43.92,16.02,4.11,-2.18,1
989,30,1420.0,70.78,37.07,16.84,3.24,-4.44,1
990,30,2216.0,65.33,35.31,14.57,3.86,-4.32,1
991,30,4310.0,84.91,26.19,11.28,3.32,-4.32,1
992,36,4310.0,74.86,25.45,11.01,3.34,,1
993,30,769.0,117.32,30.5,8.36,5.36,-4.32,0
994,30,982.0,85.16,48.34,18.45,4.4,-4.2,1
995,36,982.0,90.82,52.43,16.75,4.96,-2.18,1
996,36,20.0,192.14,39.39,14.31,4.29,-1.74,1
997,36,23.0,101.19,23.22,12.28,2.81,-2.43,1
998,36,25.0,148.25,33.15,11.57,4.5,-1.37,1
999,36,26.0,87.62,43.28,14.07,4.56,-2.26,1
1000,36,44.0,86.08,30.0,17.15,2.59,,1
1001,36,141.0,80.82,29.29,13.89,3.22,-1.66,1
1002,36,155.0,119.56,39.83,16.98,3.42,-2.61,1
1003,36,163.0,80.78,33.56,14.74,3.41,-0.98,1
1004,36,169.0,170.32,56.55,14.66,5.75,-2.37,1
1005,36,177.0,89.71,25.88,15.02,2.51,-2.3,1
1006,36,207.0,65.3,29.97,16.98,3.04,-1.12,1
1007,36,157.0,103.15,30.48,12.33,4.0,-2.76,1
1008,36,153.0,81.04,63.13,15.33,6.4,-2.12,1
1009,36,376.0,116.4,33.33,14.76,3.68,-2.02,1
1010,36,252.0,152.18,38.68,11.65,5.39,-2.58,1
1011,36,360.0,92.69,29.99,11.22,4.14,-1.27,1
1012,36,339.0,89.41,37.15,14.96,3.69,-1.68,1
1013,36,237.0,78.65,41.17,14.93,3.92,-1.55,1
1014,36,255.0,75.28,30.58,13.52,3.79,-2.48,1
1015,36,315.0,88.17,19.27,13.2,2.32,-2.35,1
1016,36,412.0,116.47,33.35,15.29,3.96,-2.83,1
1017,36,434.0,72.08,42.17,16.56,3.43,-2.38,1
1018,36,281.0,98.94,31.22,14.33,3.82,-2.62,1
1019,36,258.0,84.6,37.31,14.22,4.01,-2.82,1
1020,36,275.0,68.5,32.37,12.23,3.77,-1.97,1
1021,36,250.0,80.41,39.97,14.74,3.68,-2.15,1
1022,36,395.0,115.82,66.19,12.64,7.04,,1
1023,36,296.0,112.47,47.86,16.95,4.08,-2.43,1
1024,36,322.0,85.47,42.18,18.46,3.78,-2.44,1
1025,36,273.0,77.42,49.43,17.63,4.3,-1.74,1
1026,36,450.0,92.61,33.97,13.89,3.61,-2.8,1
1027,36,477.0,121.18,40.35,15.5,4.02,-1.8,1
1028,36,475.0,66.7,29.14,8.68,4.73,-2.78,1
1029,36,596.0,135.44,32.86,10.76,4.68,-2.52,1
1030,36,551.0,100.03,31.76,13.04,4.09,-2.68,1
1031,36,857.0,106.77,33.4,10.34,4.43,-2.36,1
1032,36,877.0,90.89,37.15,14.41,3.89,-2.58,1
1033,36,861.0,88.59,34.86,14.55,3.56,-2.38,1
1034,36,1043.0,94.96,32.57,13.59,3.61,-2.2,1
1035,36,1003.0,99.42,40.45,15.26,4.44,-2.09,1
1036,36,885.0,100.58,36.36,13.33,4.12,-2.99,1
1037,36,1035.0,97.97,49.14,15.47,5.03,-0.96,1
1038,36,935.0,126.58,45.0,13.0,3.93,-2.68,1
1039,36,1028.0,122.83,44.28,13.16,4.45,-2.15,1
1040,36,921.0,159.67,35.22,10.88,4.92,-1.96,1
1041,36,900.0,183.8,32.35,9.56,4.95,-1.78,1
1042,36,964.0,81.7,38.89,12.19,4.72,-3.1,1
1043,36,1130.0,108.73,30.34,10.46,4.24,-1.56,1
1044,36,1245.0,90.43,44.31,16.21,4.18,-1.3,1
1045,36,1253.0,194.13,40.96,12.68,4.86,-0.85,1
1046,36,1266.0,112.06,24.71,13.38,3.01,-2.18,1
1047,36,1554.0,62.98,47.0,16.24,4.53,-1.76,1
1048,36,1793.0,95.95,52.29,14.67,5.14,-2.36,1
1049,36,1789.0,116.79,36.32,12.02,4.54,-2.27,1
1050,36,1791.0,87.13,53.89,14.99,6.05,-2.73,1
1051,36,2526.0,91.46,42.74,20.91,4.3,-2.79,1
1052,36,2573.0,103.0,36.54,10.99,4.79,-2.56,1
1053,36,3174.0,98.74,32.77,13.75,3.55,-2.39,1
1054,36,3186.0,121.46,63.22,17.46,5.41,-1.59,1
1055,36,3122.0,101.39,49.01,15.27,4.78,-2.37,1
1056,36,3225.0,75.56,47.79,16.75,4.25,-2.57,1
1057,36,3272.0,111.64,31.32,12.53,4.11,-2.57,1
1058,36,3200.0,103.56,37.77,,,-3.06,1
1059,36,3287.0,85.11,39.15,16.97,3.54,-2.48,1
1060,36,3323.0,116.23,25.75,11.49,3.39,-2.08,1
1061,36,3712.0,214.78,25.18,9.65,3.91,-1.23,1
1062,36,3561.0,109.07,34.63,13.4,4.16,-3.37,1
1063,36,3563.0,110.09,24.49,12.26,3.12,-0.92,1
1064,36,3541.0,106.67,42.23,15.67,4.0,-2.36,1
1065,36,3648.0,110.0,34.47,11.16,4.86,-1.86,1
1066,36,3557.0,122.05,33.53,11.61,4.18,-2.85,1
1067,36,3940.0,126.05,29.78,11.89,4.1,-2.4,1
1068,36,3755.0,96.14,56.06,20.01,4.4,-2.27,1
1069,36,3786.0,152.85,40.5,14.11,4.62,-2.11,1
1070,36,3893.0,93.95,28.19,12.2,3.64,-1.86,1
1071,36,4295.0,94.73,27.37,13.32,3.37,-0.49,1
1072,36,4240.0,110.23,43.75,13.85,5.25,-1.93,1
1073,36,4234.0,105.43,20.48,12.64,2.49,-1.63,1
1074,36,4181.0,100.32,33.11,9.46,5.06,-2.03,1
1075,36,4204.0,102.21,37.56,16.47,3.89,-1.64,1
