N,P,K,temperature,humidity,ph,rainfall,target
3,49,18,27.91095209,64.70930606,3.692863601,32.67891866,mothbeans
22,59,23,27.32220619,51.27868781,4.371745575,36.5037914,mothbeans
36,58,25,28.66024187,59.3189118,8.399135957999999,36.92629678,mothbeans
4,43,18,29.02955344,61.09387478,8.840656256,72.98016599,mothbeans
29,54,16,27.78031515,54.65030015,8.153022903,32.05025323,mothbeans
32,43,22,31.99928579,54.1077461,5.270749441,71.6266696,mothbeans
14,55,15,27.33580911,55.27755933,8.050304395,73.44775287,mothbeans
5,35,20,28.92952635,53.57014709,9.679240873,66.35634104,mothbeans
25,57,24,27.65472156,58.59986279,6.974978386,36.94255012,mothbeans
11,53,24,28.52396666,55.77264351,7.39389918,61.32935611,mothbeans
40,49,17,31.02215872,45.89239456,6.68727523,53.56783314,mothbeans
38,56,25,25.74095321,45.38497051,7.88118645,67.43488235,mothbeans
27,43,23,31.70447482,56.85420099,5.875333778,44.94317432,mothbeans
24,38,22,24.47876451,58.51663927,8.202706015,34.96933295,mothbeans
23,45,21,31.46511256,51.79939437,8.985348193,74.44330654,mothbeans
29,57,20,25.60973447,50.7330069,5.87707519,53.39249517,mothbeans
31,35,23,30.30260453,47.18283631,7.707595055,68.04039813,mothbeans
0,55,25,28.17489437,43.6672299,4.524171562,45.78172762,mothbeans
7,45,22,25.50634557,44.8302551,9.926212291,74.32635105,mothbeans
17,58,25,31.12896766,43.58788762,6.455592696,32.76742894,mothbeans
11,44,17,26.34043268,55.59160391,8.016210782,35.1051197,mothbeans
22,49,22,28.23494706,61.5620517,3.71105919,72.66666443,mothbeans
9,51,19,27.04453473,49.32609633,5.49091063,48.25207759,mothbeans
28,48,15,25.16125354,55.25435777,9.254089438,40.89732789,mothbeans
26,50,19,27.3179125,51.66921088,6.005242945,32.55919573,mothbeans
36,56,20,25.4123765,49.66474269,7.437078236,31.87416982,mothbeans
8,60,18,31.21629982,46.01868196,3.808429173,53.1205277,mothbeans
24,37,21,30.573999,58.22686794,5.818219385,62.74803826,mothbeans
22,43,24,25.42517036,53.22082660000001,4.52363558,46.19374559,mothbeans
36,43,24,27.09400578,43.65305437,3.510404312,41.53749535,mothbeans
22,44,24,24.30935081,56.32938343,6.030447288,58.99536268,mothbeans
17,43,22,30.06142622,45.90067655,5.498340807999999,41.0550915,mothbeans
8,45,15,28.09568993,60.98353839999999,4.61136408,33.84110759,mothbeans
7,56,23,26.33908791,40.00933429,5.545219232000001,55.50429227,mothbeans
36,57,16,28.61409059,57.14218792,8.292875733999999,57.02891698,mothbeans
11,45,19,28.70012137,44.359648,3.828031463,44.11622138,mothbeans
6,36,22,24.21610338,59.79236306,8.869532817,42.24783476,mothbeans
17,57,20,28.50677929,45.20094476,3.793575185,66.1761456,mothbeans
4,47,20,25.97948991,64.95585424,4.193189124,72.19245835,mothbeans
9,49,16,30.88482722,41.36561835,7.661537347999999,55.053805,mothbeans
25,51,24,25.5042419,61.66852372,9.392694614,65.07981523,mothbeans
36,44,21,25.12528913,51.33189406,4.516154055,38.48678973,mothbeans
21,38,20,27.10508014,63.56791363,5.794289715,62.20279647,mothbeans
37,57,20,31.1006247,44.82069159,7.354286985,70.79934452,mothbeans
32,48,18,26.45707778,56.40226277,5.993513566,64.16167699,mothbeans
29,44,20,30.04132304,63.56222995,8.620107545,31.83192392,mothbeans
25,51,18,27.77799528,54.82130787,9.45949344,50.28438729,mothbeans
10,44,24,30.99256944,43.02151392,8.0344125,58.27600682,mothbeans
23,35,18,26.4908332,47.36534833,5.414492777,36.99362831,mothbeans
9,60,23,31.96987867,57.17377029,6.2760043360000015,64.25520357,mothbeans
3,58,21,25.36140526,46.82652785,9.160691747,55.60523179,mothbeans
22,42,22,25.54249137,56.96640758,7.887658711,48.46797044,mothbeans
12,39,21,28.99319096,62.85948245,8.183844843,70.4713043,mothbeans
39,36,22,29.34317422,60.50320928,9.072011412,34.03335472,mothbeans
32,41,16,28.63618921,61.39451307,7.702287236,68.54877876,mothbeans
30,41,15,24.83206631,44.17085032,5.88509677,52.0810886,mothbeans
19,36,22,25.44689075,58.55363573,6.16496284,57.04826619,mothbeans
4,46,15,31.01274943,62.40392519,3.504752314,63.77192383,mothbeans
21,39,20,27.06179658,52.3003173,7.388007482999999,60.74583498,mothbeans
35,57,25,27.0956288,42.26206161,8.340398059,71.12710390000002,mothbeans
22,55,24,28.56800579,57.30636014,8.66077954,64.53027638,mothbeans
35,51,17,28.79929247,49.84213387,3.558822825,40.85534718,mothbeans
17,56,17,27.94293692,45.41393636,5.9565851,69.66289997,mothbeans
28,57,17,30.47757686,61.58245338,9.416003106,61.86633917,mothbeans
22,36,16,30.58139475,50.77148138,8.18422855,64.58559639,mothbeans
11,41,19,26.85911286,41.81420849,5.131779302,44.13827124,mothbeans
38,38,18,26.31051759,61.18749126,6.294130312999999,35.73403813,mothbeans
23,37,24,28.77833449,44.2252605,7.991902443,33.95825723,mothbeans
25,35,20,28.90245417,43.35365671,8.923095695,71.90018566,mothbeans
40,45,20,29.37687468,57.69622912,6.878498176,38.34303462,mothbeans
23,58,19,24.17093241,58.25204566,5.243634848999999,59.18953429,mothbeans
2,56,23,26.65333029,59.79023382,7.550090941,36.91852635,mothbeans
3,56,17,28.19912143,53.50567601,8.709291687999999,52.13580529,mothbeans
26,51,25,28.76488954,52.62741529,7.792508067999999,55.21606732,mothbeans
39,42,20,29.3499706,61.25353851,8.055908857999999,40.82840673,mothbeans
27,59,20,28.00937423,52.60950014,4.397698806,36.01203025,mothbeans
24,45,19,26.85851927,48.8246387,5.9523849570000005,34.7426459,mothbeans
7,40,17,31.2123945,40.92604945,8.532078732999999,53.78769958,mothbeans
15,45,23,24.20422636,61.43378674,7.224193642,46.0203959,mothbeans
26,52,23,29.98835437,49.60384796,4.931890506,52.92929636,mothbeans
20,45,16,29.93964907,54.61813464,4.626212446,45.43669946,mothbeans
34,54,24,31.2119298,41.55934359,5.026003659,68.80141783,mothbeans
19,51,25,26.80474415,48.23991436,3.5253661,43.87801983,mothbeans
29,41,21,31.49398069,62.84916863,8.86979671,64.56807592,mothbeans
20,50,22,30.99694676,46.42693735,9.406887533,38.31597852,mothbeans
11,40,23,29.61253065,63.04749127,5.80428611,50.1978269,mothbeans
15,54,15,29.97604322,57.03184356,8.35495812,44.86052932,mothbeans
35,55,22,30.88883074,52.62696801,8.634929739,55.51932414,mothbeans
9,59,25,30.39321309,60.16299493,7.699200949,35.37493212,mothbeans
40,45,18,30.43683729,55.20522037,5.261285926,30.92014047,mothbeans
35,38,19,25.32688786,63.18180319,9.112771682,32.71129281,mothbeans
14,58,17,30.53684308,59.96664731,4.605700542,33.48919022,mothbeans
40,55,18,30.38257873,40.5926071,7.115994051,47.95406479,mothbeans
18,36,23,24.01825377,53.76623369,7.214078621,35.03404425,mothbeans
35,52,15,28.69841277,61.14754363,9.93509073,65.67591794,mothbeans
4,59,22,29.33743412,49.00323081,8.914074888,42.44054315,mothbeans
22,51,16,27.96583691,61.34900107,8.639586199,70.10472076,mothbeans
33,47,17,24.86803974,48.27531965,8.621514073,63.9187654,mothbeans
2,51,17,25.87682261,45.96341933,5.838508699,38.53254678,mothbeans
16,51,21,31.01963639,49.97675220000001,3.532008668,32.81296548,mothbeans
56,79,15,29.48439992,63.19915325,7.454532137,71.89090748,blackgram
25,62,21,26.73433965,68.13999721,7.040056094,67.15096376,blackgram
42,61,22,26.27274407,62.28814857,7.418650668,70.23207557,blackgram
42,73,25,34.03679184,67.21113844,6.501869314,73.23573601,blackgram
44,58,18,28.03644051,65.06601664,6.814410927999999,72.49507741,blackgram
50,55,16,28.81460716,65.33538112,7.581442888,62.26242533,blackgram
35,72,21,34.03619494,64.28791388,7.741418772,66.85510868,blackgram
30,64,20,33.8642935,61.57072498,6.573531614,68.02199825,blackgram
27,64,21,32.84213012,68.68401492,7.543804222999999,73.67166182,blackgram
50,74,17,27.10053268,63.36085585,6.5408208,73.84949872,blackgram
39,73,24,25.65842532,61.18235808,7.22405917,69.28607828,blackgram
57,67,25,32.34744009,66.61452812,7.551364319,64.55882254,blackgram
52,63,19,29.58949031,68.32176769,6.928898659,67.53021213,blackgram
55,66,22,30.91219459,68.79427388,7.747775262999999,66.63830637,blackgram
51,56,18,28.12787838,64.2097765,6.706505915,70.86340755,blackgram
36,66,15,30.08545364,69.34811988,6.668238556,67.1367443,blackgram
59,55,19,31.74379487,62.51007687,7.332375138,68.97097538,blackgram
50,58,23,27.81326852,62.50460464,7.596802025,69.75555541,blackgram
30,65,25,32.88733849,64.59457409,7.70650895,71.50569456,blackgram
20,62,18,29.36358721,64.98742947,7.366542647,61.91208707,blackgram
58,71,15,27.82592799,67.58618829999999,6.919243702,74.01229707,blackgram
25,71,24,28.49538735,60.44848407,7.187721817999999,74.91559514,blackgram
52,71,16,27.74274761,68.53997144,7.0758864720000005,71.78615328,blackgram
40,63,18,30.41588462,67.66323804,6.74441168,63.02473185,blackgram
20,60,25,27.3254209,69.09047809,6.726469087999999,61.19250859,blackgram
48,61,21,30.28496619,61.69295127,6.628264883,65.62859526,blackgram
49,68,22,28.56840626,61.53278622,7.127064207,63.49726331,blackgram
48,62,15,25.36586097,66.6379724,7.538631462000001,65.81655892,blackgram
32,66,17,34.9466155,65.26774011,7.162357641,70.1415139,blackgram
21,63,22,25.09737391,67.72837887,6.859409487000001,74.61649888,blackgram
20,72,19,32.47648301,64.34848735,7.397190844,65.82045699999999,blackgram
25,65,21,33.86351172,68.59232289,6.880245789,69.24464096,blackgram
41,78,21,25.19857725,60.37332688,6.581313137,70.88787207,blackgram
53,67,17,31.77681682,69.01852894,7.296972161,61.46892873,blackgram
39,60,21,34.89814946,63.59948557,6.97297656,64.72797143,blackgram
25,76,17,31.74105409,68.63525428,7.241148507,62.3061735,blackgram
21,78,19,27.16159076,66.76017239,6.92009048,69.85112265,blackgram
57,60,17,26.23773129,67.88521396,7.504608385,73.58663968,blackgram
56,75,15,30.20157245,60.06534859,7.152272256,66.37171179,blackgram
49,72,15,31.55846339,67.83563765,7.137004749,74.86960831,blackgram
24,80,19,29.67892453,69.0854554,6.8080417220000005,65.66436565,blackgram
49,76,18,27.05365239,67.7017527,7.393631868,60.4693835,blackgram
28,68,19,34.63880966,61.38597868,7.69950698,72.43169115,blackgram
55,78,21,33.39438752,62.93692886,6.602888248999999,63.57445989,blackgram
50,64,25,28.84079155,63.37230676,6.734447425,70.25496749,blackgram
34,80,19,31.49338309,63.0563645,6.521217963,71.48327008,blackgram
20,68,23,25.54960633,63.95425534,7.707332484,63.1830529,blackgram
55,67,16,34.37329112,69.69366426,6.596719015,70.27184748,blackgram
23,70,15,34.600824700000004,63.11296779,7.403623355,60.41790253,blackgram
53,74,15,29.43463808,64.94329356,7.517097,72.17818157,blackgram
26,67,16,29.10713092,67.90577375,7.17620823,67.83345933,blackgram
33,80,22,28.57006111,65.71765781,6.593961761,70.0866434,blackgram
37,79,19,27.54384835,69.3478631,7.143942758,69.40878198,blackgram
33,75,21,33.04687968,68.93875631,6.690655045,62.30278274,blackgram
22,55,20,33.95309131,69.96100028,7.423530351,61.16350463,blackgram
20,68,17,30.11873003,60.11680815,6.578714842999999,71.72980375,blackgram
43,68,20,29.57812712,66.17587668,7.497469256,69.43895491,blackgram
44,76,22,27.26458947,68.01232937,7.775306272000001,68.91754359,blackgram
34,60,16,31.35730791,64.24992106,7.322555222999999,63.85668948,blackgram
21,72,17,31.52104732,66.55723677,7.580527339,61.71111448,blackgram
25,68,19,29.39982732,64.25510719,7.1084501210000015,67.47677295,blackgram
41,62,15,29.38400259,64.14928485,7.358974541,65.24194361,blackgram
28,65,23,28.38686534,61.88871127,7.405176138,74.24459122,blackgram
35,64,15,28.47442276,63.53604453,6.500144962,69.5274407,blackgram
52,58,16,30.64095781,61.14508627,7.167435834,71.36947525,blackgram
58,75,25,25.25596239,61.36669662,7.261791753,68.64685069,blackgram
34,66,19,32.97030511,60.18122078,7.586642101,73.44678678,blackgram
52,70,16,33.66855394,66.60416867,7.534811832999999,67.32520551,blackgram
23,57,19,32.83963757,67.99803573,7.251000789,73.40452716,blackgram
42,58,25,27.45853567,62.90020977,6.513620917999999,69.46020927,blackgram
37,62,17,25.68576704,69.84354028,7.121254928,74.62068748,blackgram
44,75,22,30.0328403,64.14800537,7.574561547,71.21006868,blackgram
21,80,20,28.20667264,68.27085245,7.350869792,64.32887142,blackgram
56,76,16,28.27265858,61.18956161,7.5131510760000015,63.29900785,blackgram
29,76,15,28.541723600000005,64.2020154,7.0256077060000015,69.68862306,blackgram
43,61,20,26.87187036,61.61367264,6.804253866,63.51822045,blackgram
55,60,15,32.79766751,68.77994074,7.163043872,64.11411069,blackgram
44,63,15,26.42333018,64.51136845,7.338929556,63.46546487,blackgram
29,67,21,29.79181107,63.38789228,6.621323612,63.02169909,blackgram
47,63,16,27.44003279,67.10464369,6.661870999,72.50669768,blackgram
40,68,17,34.1262979,65.14877461,7.733149554,70.40795007,blackgram
58,61,15,30.94908189,64.23364112,7.402891666,62.78730907,blackgram
41,74,18,28.75751783,61.02701476,6.599147297999999,73.37686831,blackgram
58,79,17,27.24766491,66.10123083,7.04174124,62.31842057,blackgram
27,62,24,28.63005477,66.770943,7.353876754,62.2737345,blackgram
27,60,17,26.41768321,63.64698302,7.026795358999999,64.42177127,blackgram
52,65,20,32.81705216,66.15665137,6.814301033,68.83924882,blackgram
44,55,25,29.6321052,65.91359954,7.42160832,71.16331975,blackgram
21,62,24,33.49077065,62.73317204,6.8473828910000005,65.45328463,blackgram
60,59,22,31.86847286,66.74217464,7.191522601,74.22238583,blackgram
33,77,21,30.32992227,65.62971858,7.01285529,71.64631281,blackgram
59,58,17,28.546224,66.31394098,7.368318809,62.83469851,blackgram
29,63,17,30.02629908,67.88811637,7.26154329,66.47264636,blackgram
59,63,18,31.65531175,60.13263713,6.52669158,66.69096751,blackgram
29,70,15,30.33499674,63.54718862,6.872594461,74.16699119,blackgram
58,73,16,33.36984395,65.67718163,6.874142175,64.89517488,blackgram
55,77,22,31.4345059,62.99303471,7.76061831,64.77651469,blackgram
42,79,23,27.71678273,63.29103387,6.781841984,68.56507978,blackgram
44,77,21,32.63918668,61.3009051,7.326980454,61.83876146,blackgram
38,62,25,32.7477393,67.77954584,7.453975408,63.37784443,blackgram
2,24,38,24.55981624,91.63536236,5.922935513,111.9684622,pomegranate
6,18,37,19.65690085,89.93701023,5.937649577999999,108.0458926,pomegranate
8,26,36,18.78359608,87.4024767,6.804781106,102.5184759,pomegranate
37,18,39,24.1469628,94.5110662,6.424670614,110.2316633,pomegranate
0,27,38,22.44581266,89.90147027,6.7380162210000005,109.3905998,pomegranate
31,25,38,24.96273236,92.40501423,6.4973666770000005,109.4169192,pomegranate
21,21,38,22.5526059,89.32594859999998,6.327673765,104.8955643,pomegranate
6,30,40,22.77035608,91.45498527,6.36137446,106.9659201,pomegranate
25,27,41,19.20090378,94.27659596,6.9235093710000015,108.0423555,pomegranate
15,11,38,23.12808226,92.68328358,6.630646082999999,109.3930157,pomegranate
14,5,36,24.92639065,85.19098079,5.832525853,104.7693804,pomegranate
16,10,41,24.77464458,85.63608688,6.738993954,105.7595811,pomegranate
36,7,37,19.8671184,86.35590206,5.782435567,108.3168858,pomegranate
4,20,41,24.26601316,93.7974061,6.537042717,104.5375109,pomegranate
29,22,40,23.62600218,89.73266695,6.145104401,107.6836871,pomegranate
16,15,42,19.67832052,89.08935702,6.890784045,108.5468633,pomegranate
18,27,41,22.36509395,92.30882391,7.175344328,104.8216333,pomegranate
11,18,42,21.57936934,94.88267728,5.938528744,102.8593382,pomegranate
5,15,38,18.26233221,88.16779129,5.709380472,108.0756727,pomegranate
18,23,44,23.71028128,89.61794165,6.184400085,105.64999070000002,pomegranate
9,8,40,22.48720144,89.9224883,6.553509673,111.6631582,pomegranate
40,27,45,21.66024980000001,94.79397419,5.885638185,112.4349689,pomegranate
22,23,44,20.13037175,89.31505137,6.1438746910000015,107.3416913,pomegranate
9,16,39,18.41164435,91.11927248,6.101198974,105.1834976,pomegranate
12,29,40,19.68291173,89.75272999,6.594037135,111.2818551,pomegranate
0,17,42,23.20242586,91.19442671,6.8598408210000015,109.0946323,pomegranate
2,21,44,18.92157197,87.31290342,6.56893406,102.8013275,pomegranate
28,6,40,22.10621387,91.34039616,6.769855664,106.8704803,pomegranate
8,23,44,18.47412402,89.68919664,7.130837931,108.4758509,pomegranate
29,16,36,19.81069447,88.92944254,5.7403380020000006,102.860084,pomegranate
17,18,43,24.4880844,90.83687246,5.843005428,103.1969341,pomegranate
34,21,42,18.75927679,89.93457597,6.648687273999999,111.0196744,pomegranate
21,23,42,19.54128063,90.29751796,6.902751061,104.3739878,pomegranate
25,17,40,18.91251245,87.74938524,6.608023872,111.28005159999998,pomegranate
8,25,36,19.91330523,94.95031368,6.828522375,104.0277061,pomegranate
26,18,42,19.72620525,89.64934166,6.910374919,108.22872759999998,pomegranate
4,19,42,23.83185873,87.84034604,6.306605528,111.2232716,pomegranate
36,24,41,24.94467632,94.25702672,7.009180374,103.8799347,pomegranate
5,24,40,24.692258,93.87030088,6.297907578999999,104.6735454,pomegranate
19,17,39,24.72485577,85.56083187,6.728599215,111.2787584,pomegranate
39,30,38,20.12644921,87.59629625,6.965156737999999,108.065579,pomegranate
5,29,44,21.02432943,93.0569505,5.578095745,104.7847006,pomegranate
4,24,43,22.40423537,88.1508343,7.199504273,109.8695196,pomegranate
38,21,35,20.33691147,89.38003827,5.841367187,110.9653137,pomegranate
37,11,36,24.24779615,85.56033312,6.710143266,106.9216033,pomegranate
9,25,41,24.81530144,91.90842992,5.972714857000001,109.2853418,pomegranate
29,22,43,19.66329768,87.95158129,5.561851831,106.0380805,pomegranate
5,21,38,22.43377991,90.3396556,6.107054807999999,112.459697,pomegranate
22,26,38,22.92052307,85.12912161,6.988035315,110.2437841,pomegranate
4,18,37,22.91843172,85.40695044,7.13147457,106.2817706,pomegranate
21,6,41,24.88244467,89.39686219,7.086947687,107.1951707,pomegranate
29,21,45,23.40981539,93.13277,6.749260456,105.2240743,pomegranate
23,5,44,21.20725375,94.26304717,7.16300467,107.5660804,pomegranate
13,7,43,18.20230419,91.12282162,7.013481515,109.66239740000002,pomegranate
5,13,37,22.34375696,89.7870345,5.648243648999999,103.3183074,pomegranate
27,24,41,24.32770134,90.88292835,6.610251186,110.4606459,pomegranate
7,23,35,19.75088482,88.71691157,7.054313822999999,102.5538035,pomegranate
12,20,39,19.86173586,86.19740917,6.026999326,111.0217929,pomegranate
4,19,43,18.07132963,93.14554876,5.7794274020000005,106.3602023,pomegranate
3,9,45,23.89162561,89.61850203,6.535244251,104.617522,pomegranate
1,27,36,23.98598756,93.34236582,5.684995235,104.991282,pomegranate
23,30,44,20.93892916,85.42912869,6.12476108,103.0295938,pomegranate
24,21,42,20.82210727,87.22815682,6.999014379,109.4429934,pomegranate
13,30,37,20.86474944,91.61793636,6.277148771,106.8685636,pomegranate
40,11,44,24.45840036,86.10874614,6.322396027000001,111.3779693,pomegranate
21,9,40,24.51147697,90.64498715,5.956401828,105.6209954,pomegranate
3,27,44,24.56811204,92.03009222,6.591302797000001,110.9633894,pomegranate
40,29,42,24.63228709,89.01574455,7.104094929,110.6956184,pomegranate
14,25,40,20.07386547,90.97819712,6.407872061,103.7084055,pomegranate
38,14,37,21.80523051,94.63612858,6.658402594,102.6488846,pomegranate
34,9,36,22.8122645,86.34233767,6.276038961,110.4432293,pomegranate
32,14,37,22.73031253,88.48567856,6.825256236,104.6843243,pomegranate
18,21,35,23.2801227,94.94330457,6.368560522,111.1382096,pomegranate
8,23,38,19.30106297,87.1775172,7.005410734,105.4766591,pomegranate
15,6,41,19.0087067,88.83768149,6.8973684770000006,108.6793978,pomegranate
0,5,36,24.35193812,90.88612388,6.152906502,105.529185,pomegranate
22,9,44,24.72235539,88.87651295,5.744361602000001,112.1926517,pomegranate
14,8,43,21.92513945,94.46485312,7.051654924,111.71620159999998,pomegranate
31,11,45,24.83954414,86.88738076,6.034612928,107.6435771,pomegranate
39,17,45,18.09691127,90.42177379,6.9244907310000015,104.88188999999998,pomegranate
10,5,42,20.24104904,91.08706822,6.887005997,109.2537734,pomegranate
8,28,38,23.22594,94.42971362,6.8444019,105.6917856,pomegranate
32,13,42,23.50128217,92.97527546,5.786058032000001,106.61905,pomegranate
18,9,40,19.44623085,89.02127045,5.627186257000001,106.1606833,pomegranate
20,27,41,20.51343484,92.51675903,5.700088663,110.5764023,pomegranate
39,25,36,18.90223032,94.99897537,5.567805185,107.6103211,pomegranate
20,7,45,18.90592319,89.24126808,6.077886012,112.4750941,pomegranate
11,10,45,22.63045168,88.45577158,6.397995609,109.0357597,pomegranate
40,18,43,19.38603815,86.79058496,5.767372539,109.91309840000002,pomegranate
3,26,39,24.38318965,91.19431555,7.079973241,103.6012114,pomegranate
9,16,36,23.77989026,92.93386903,5.893332377999999,106.977723,pomegranate
30,20,38,22.59890174,93.16343942,7.058222596,110.0932899,pomegranate
40,9,41,24.37766782,85.4017118,5.78270695,106.128338,pomegranate
40,30,35,20.89273273,91.07776977,6.269663962999999,104.4407083,pomegranate
32,25,35,18.09903225,85.70786282,5.892913826,107.0050976,pomegranate
33,23,45,20.00218987,85.83618191,7.116538883,112.337046,pomegranate
4,14,41,19.85139326,89.80732335,6.430163481,102.8186358,pomegranate
13,17,45,21.25433607,92.65058936,7.159520979,106.2784673,pomegranate
39,24,39,23.65374106,93.32657504,6.431265737,109.8076178,pomegranate
8,28,37,23.88404783,86.20613842,6.082571701,108.3121789,pomegranate
91,94,46,29.36792366,76.24900101,6.149934034,92.82840911,banana
105,95,50,27.33368994,83.67675197,5.849076099,101.0494791,banana
108,92,53,27.40053601,82.96221306,6.276800323,104.9378,banana
86,76,54,29.3159075,80.11585705,5.926824754,90.10978128,banana
80,77,49,26.05433004,79.39654531,5.519088423,113.2297373,banana
93,94,53,25.86632408,84.42379269,6.079178787999999,114.5357503,banana
90,92,55,27.00932084,80.18546798,6.13465588,97.32531705,banana
108,89,53,29.55054817,78.06762846,5.808497603999999,99.34482238,banana
108,88,55,26.28845991,83.390039,5.891458107,113.8729798,banana
105,77,52,29.16226551,76.16151562,5.816622478999999,100.0075679,banana
118,88,52,28.65003945,82.68752542,5.8431631610000005,98.75084366,banana
101,87,54,29.07311132,76.50045221,6.376756632999999,100.1692639,banana
95,75,50,28.08166093,75.26429821,5.623615687000001,118.2761894,banana
106,85,53,27.1994597,78.80860679999998,5.91505509,99.72430835,banana
86,95,49,28.05484146,78.04602887,6.458714879,108.3957179,banana
83,79,55,25.14748006,83.34688193,5.565028635,98.66679427,banana
85,95,47,25.94019018,78.3422098,6.211833161,119.84797,banana
109,79,45,27.66752761,79.68542782,6.490074429,108.66464,banana
100,76,45,25.56703012,75.94067692,5.590236025,102.7867717,banana
117,86,48,28.6956201,82.54195839,6.225225238999999,116.1616839,banana
114,94,53,26.33544853,76.8532006,6.190757458999999,118.6858263,banana
110,78,50,25.93730186,78.89864446,5.915568968,98.21747528,banana
94,70,48,25.13686519,84.88394407,6.195152442,91.46442491,banana
80,71,47,27.50527651,80.79783998,6.156373499,105.0776992,banana
114,79,51,26.21009246,82.34429458,6.313197204,112.0700033,banana
88,78,45,29.10403455,79.19588629,6.324270089,92.07835761,banana
112,73,48,29.244063800000006,77.32017166,5.7074889870000005,90.66727868,banana
117,76,47,25.56202173,77.38229006,6.119216009,93.10247183,banana
111,87,48,26.3985515,81.36028902,5.571401169,98.16752001,banana
89,83,47,28.09577643,77.79586769,5.63127166,109.5408614,banana
93,91,47,27.84767901,83.31110751,6.101241579,117.2878912,banana
92,81,52,27.39341554,81.4654833,6.438137278999998,94.31102057,banana
105,74,45,25.14517635,81.38204104,6.098369122,119.218154,banana
102,71,48,28.65456263,79.28693687,5.695267822000001,102.4633775,banana
94,91,51,29.16093424,76.67484233,5.6180944460000015,109.575944,banana
116,71,47,27.57278064,82.0638878,6.435785799,91.34276507,banana
117,79,49,25.40909896,82.36208097,6.176644228,112.9794804,banana
119,72,55,25.99069521,83.33983116,6.220643671,112.0777152,banana
99,73,53,26.29039046,81.06003778,5.8717022110000014,118.6730366,banana
91,84,52,29.14827211,78.71024836,6.390741836,117.536781,banana
80,90,47,26.59743595,79.35898915,6.21084479,107.3944717,banana
101,70,48,25.36059237,75.03193255,6.012696655,116.5531455,banana
108,89,53,29.12036889,80.18080728,5.908770059,112.3982055,banana
100,80,52,27.53911354,77.25629897,6.049801781,110.3262123,banana
109,91,53,29.66727337,83.51014178,6.010095852999999,110.2511102,banana
82,78,46,25.05802193,84.97323747,5.738678895,110.4408803,banana
106,70,55,25.86824781,78.52399914,5.74055541,116.3019555,banana
90,86,52,25.85036988,81.95580471,5.793260262,119.08561709999998,banana
83,95,50,26.51682337,77.79913575,5.50947065,108.8547508,banana
119,90,48,28.66725136,79.59242542,5.986442306,118.2583441,banana
107,72,45,28.14938935,81.54448882,5.790768046,91.40508414,banana
116,81,55,26.42313317,83.69950440000002,5.915546415,95.12322062,banana
101,75,50,26.59386409,81.40740301,6.242528277999999,109.9825551,banana
93,81,50,27.71822477,76.57853189,6.0360792660000016,102.2099836,banana
95,75,45,28.98333432,82.95958244,5.829898502000001,109.022564,banana
107,71,55,29.42017919,83.96754496,6.088064451,117.229079,banana
83,94,47,27.39872329,81.10523402,6.469370954,112.1355384,banana
102,73,54,26.4020227,84.41007614,5.720726906,111.0162259,banana
86,79,45,27.81251452,82.69285419,5.80766417,99.20961514,banana
117,86,53,25.19640218,83.55829874,5.703381727999999,115.8586081,banana
111,79,53,28.31193338,75.77363772,6.165001277999999,119.695765,banana
95,74,50,25.90113128,80.47152737,6.002481605,110.10323,banana
91,75,55,27.48612983,76.11239849,6.212369363,109.2768851,banana
93,83,46,29.38254012,83.50423735,5.765308943,109.2486647,banana
92,85,51,29.22118628,81.08183635,5.740764682000001,108.8616474,banana
104,80,54,27.09062164,81.33506906,5.879119455,110.1331182,banana
103,72,51,26.12643374,81.81365007,6.099478745,104.4812858,banana
92,75,45,29.01207743,77.95192527,5.674403358999999,90.43495443,banana
93,85,49,27.96799119,79.28625709,5.694243847,119.4765557,banana
120,87,52,28.0764455,76.05522115,5.905494703,118.99235729999998,banana
108,72,46,25.16278237,84.97849241,6.110844721,90.94554618,banana
105,88,54,25.78749808,84.51194224,6.020445317,114.2005455,banana
98,79,50,25.34119774,84.47321314,6.435917308,91.06493353,banana
111,88,55,29.44795403,78.34971537,5.505393832999999,96.45042585,banana
97,74,45,26.47522633,78.51833782,5.677719902000001,113.1161095,banana
95,82,48,27.39489579,83.31172003,5.719014989,92.78133617,banana
89,91,55,25.08347445,80.26173100000003,6.275572297999999,94.32961456,banana
89,85,55,26.671983500000003,76.48541655,6.275384607,91.73358569,banana
118,88,51,25.44926208,79.49221962,6.201911642000001,100.6619171,banana
101,92,45,28.22776705,80.64303840000002,5.758054257,98.00403016,banana
99,92,47,28.127950899999995,77.48247073,6.3239336470000005,103.5045395,banana
82,77,46,28.9470467,82.1888998,5.901100841,95.83016448,banana
90,86,55,27.96236771,84.15403614,5.644486582000001,97.55986676,banana
95,88,52,28.00316034,78.90085998,6.235461772000001,94.68180316,banana
104,73,46,29.1400919,80.1190228,6.28236237,90.45142867,banana
102,73,52,27.9122104,83.36307683,6.356090905,90.24211529,banana
100,74,52,25.43480512,81.53977797,5.837258235,96.47800391,banana
94,89,48,28.55980972,84.51602322,5.653437902,111.0843029,banana
99,70,46,26.59580783,82.99556744,5.727469947,100.5123341,banana
112,87,48,27.19711623,77.39706290000002,6.200111067999999,99.46950465,banana
117,82,45,25.29391516,79.29122198,5.614471478,105.4220251,banana
96,86,51,29.90888522,76.98740841,6.257369799,91.99964712,banana
113,85,45,27.94972463,76.63713353,6.037430836,109.0921631,banana
105,93,46,25.01018457,78.76260938,5.760457558,108.3690513,banana
85,89,51,29.21144871,84.70189923,6.1581644220000005,108.5501443,banana
108,94,47,27.35911627,84.54625006,6.387431382999999,90.81250457,banana
92,81,52,28.0106804,76.52808057,5.891413895,103.7040783,banana
110,71,54,28.67208915,82.20793613,5.725418961,94.37987496,banana
82,75,55,27.34585147,78.48738349999998,6.281069505,92.15524332,banana
117,81,53,29.50704598,78.20585613,5.507641777999999,98.12565829,banana
24,128,196,22.75088787,90.69489172,5.521466996,110.4317855,apple
7,144,197,23.8494014,94.34814995,6.133220586,114.0512495,apple
14,128,205,22.60800988,94.58900601,6.226289556,116.0396587,apple
8,120,201,21.18667419,91.13435689,6.321152192,122.233323,apple
20,129,201,23.41044706,91.69913296,5.587905967,116.07779309999998,apple
32,137,204,22.86006627,93.12859895,5.824151692999999,117.7296726,apple
27,139,205,22.48403042,93.40819246,5.7721799460000005,105.5473627,apple
0,123,205,22.02775403,92.96129462,5.790993052,121.1349176,apple
22,144,196,21.91191314,91.68748063,6.4992268210000015,117.0761277,apple
1,124,199,23.71059131,93.27392415,5.658473817000001,112.66765890000002,apple
30,122,197,21.37784654,92.72043743,5.573241391,106.1417017,apple
29,121,196,22.84852833,94.32130209,6.079497202000001,123.5977843,apple
13,126,204,23.1094265,92.79630809,6.3831802710000005,108.183792,apple
9,139,199,23.25230817,94.54128292,5.867420996,105.3558408,apple
0,133,200,23.67287749,90.4935574,5.708418722,104.2298028,apple
30,143,199,23.76881552,90.59810302,5.7983508000000015,102.2648546,apple
36,140,198,23.34386401,91.47684705,6.28188384,104.4267991,apple
37,137,199,22.63946441,90.18451645,5.697945522,108.3405879,apple
33,121,203,22.45696744,94.76285385,5.6059340870000005,114.8407725,apple
7,144,195,22.96388477,93.58065995,5.85648105,104.64729859999998,apple
35,128,205,21.07273439,93.56585985,6.041053829,107.8737015,apple
29,128,198,22.44075021,92.70785115,5.685062404,121.4977331,apple
2,143,196,22.71271308,90.45261746,5.669489065,109.8852597,apple
34,140,198,21.70416965,93.44006288,5.751707342,115.1781396,apple
29,144,204,22.43324518,92.48667725,5.800448951,119.1025189,apple
32,141,203,21.25941052,92.84416234,5.821347769,109.06584709999998,apple
13,144,197,22.9215706,94.89613443,6.28022267,105.6941544,apple
25,143,198,22.81212536,91.51861705,6.027314401,107.855225,apple
9,137,200,21.12152071,90.6878768,5.636687393,102.8017203,apple
6,144,198,21.11478672,90.31528693,5.559363609,104.5086618,apple
37,126,196,23.59997268,90.97597665,5.596449493,107.17281909999998,apple
2,120,203,23.12652652,94.71203306,5.893492998999999,108.62118329999998,apple
11,143,197,22.98458907,93.3204487,5.875718516,122.1952483,apple
10,141,201,22.12659387,90.97818277,6.386021424,104.5412275,apple
24,142,202,22.53779727,91.48135786,5.710819862,101.8474768,apple
23,138,195,22.49095104,91.70292746,5.7959857160000015,124.3915101,apple
18,125,204,22.35548159,94.47811755,6.046673619,116.7366261,apple
13,121,196,22.20700989,93.50574163,6.443382913,120.1593771,apple
26,122,202,22.44516988,94.73763514,5.617227184,107.1843273,apple
28,123,202,22.76643029,92.12438519,6.442289294,120.4359949,apple
26,121,201,22.19109412,90.02575116,6.162034371,112.3126628,apple
21,137,196,23.6119202,91.70293849,5.812781806,123.5900822,apple
21,135,198,23.86087054,94.92048112,5.7650151260000015,105.0241329,apple
5,144,205,21.42177231,92.62665309,6.184922574,102.8045658,apple
2,123,205,22.36629253,90.78572467,5.739652177000001,124.9831618,apple
15,133,199,23.99686172,91.61001707,5.8247786360000005,117.6102915,apple
31,130,198,21.80129837,92.73446667,5.554823557000001,120.05866709999998,apple
25,143,200,23.80436344,92.80441624,6.024248787,100.6192543,apple
16,143,204,23.71475278,91.53331177,5.631333387000001,121.8961665,apple
19,122,202,23.34467359,90.37981478,5.811975094,112.8954016,apple
10,125,196,22.31253665,90.03577124,5.730557448,113.0688155,apple
20,139,202,23.50201428,92.21083961,5.66999105,107.9868949,apple
28,123,198,23.46260321,91.45665004,5.682751473,111.7763395,apple
28,136,200,23.06204373,92.39544055,6.245858905,114.7399101,apple
2,131,199,22.47420512,91.22759742,6.017370134,124.2179699,apple
2,140,197,22.69780133,92.82223419,5.53456749,105.0508234,apple
27,138,201,23.66682067,93.90191078,5.952367662,105.4004751,apple
30,127,204,22.50050273,92.45878335,6.126436584,100.9343903,apple
32,145,203,23.83053666,90.84422164,6.406818518,109.5966791,apple
29,139,205,23.64142354,93.74461474,6.155939452999999,116.6912176,apple
26,126,195,21.41363812,92.99124545,5.878568981,118.3979065,apple
40,136,202,22.85267372,94.57645809999998,5.935336307999999,117.53140259999998,apple
6,124,200,22.98208095,93.84505029,5.971332179,109.5852253,apple
35,138,200,21.19909519,90.80819418,5.67130617,103.6838922,apple
17,136,196,23.87192332,90.49939035,5.882155987999999,103.0548094,apple
33,134,205,21.0365275,94.33919546,6.08551916,114.7412734,apple
16,143,197,22.61711614,93.51978375,5.90402645,116.9256766,apple
27,120,200,21.45278675,90.74531921,6.1102188260000005,116.7036582,apple
29,145,205,22.81227579,92.12992101,6.212302608,109.3383552,apple
3,141,197,21.98141856,91.12719303,6.142803397000001,115.4789148,apple
15,123,204,22.52709326,92.54780429,6.365972687999999,115.3830068,apple
5,136,195,22.35628673,91.92360477,6.264202804,107.7697413,apple
10,136,204,21.19852186,92.15595143,6.276198595,105.8554351,apple
7,141,195,23.8812458,93.45067555,5.514253142,104.9116663,apple
2,129,201,22.78234161,94.36803516,5.682343744,122.1449949,apple
29,138,197,22.19055385,92.43764169,5.830892252000001,121.6622761,apple
30,137,200,22.91430043,90.70475565,5.603413172000001,118.6044645,apple
29,132,204,23.08950736,90.22507299,6.0967531,108.2166601,apple
14,139,197,21.72484506,92.83975602,6.056529526,121.6961761,apple
18,125,203,22.44307715,91.59234006,6.160267496,102.5565807,apple
33,143,204,21.1316077,91.95769858,5.814434775,122.5391946,apple
40,144,196,22.71750705,92.25479855,5.987262638,107.0289866,apple
9,143,197,23.75033085,92.88160462,5.570020684,117.6602827,apple
38,135,203,23.76121837,93.661643,5.9655513110000005,100.825956,apple
28,130,196,22.13450646,94.67695747,6.062356467000001,112.9203223,apple
35,142,203,21.17089176,90.23730166,5.895319002000001,123.6495149,apple
12,129,205,22.36238282,91.15761594,6.119432215,118.68327250000002,apple
1,135,203,22.77856513,92.70124029,5.624203283,113.7759219,apple
0,145,205,21.22503442,90.09877774,5.52078314,113.9760462,apple
31,121,201,23.15791104,90.34396882,5.731535257999999,110.712841,apple
35,131,203,22.42776057,93.91722423,5.893490899,102.7230739,apple
29,140,195,23.64082979,90.95257927,5.560521058,116.7431319,apple
33,138,198,22.29423493,90.69033986,6.222390797999999,122.7418744,apple
14,140,197,23.35225078,90.90054697,6.071255131,113.0381382,apple
35,145,195,22.03911546,94.58075845,6.231950009,110.9804014,apple
40,120,197,23.80593812,92.48879468,5.889480679,119.6335548,apple
25,132,198,22.31944084,90.85174383,5.732757516,100.1173443,apple
31,137,196,22.14464104,93.82567435,6.400321212000001,120.6310784,apple
36,144,196,23.65167552,94.50528753,6.496934492,115.3611268,apple
10,140,197,22.16939473,90.27185592,6.229498836,124.4683112,apple
133,47,24,24.40228894,79.19732001,7.231324765,90.8022356,cotton
136,36,20,23.09595631,84.86275707,6.925412377000001,71.29581071,cotton
104,47,18,23.9656349,76.97696717,7.633437412,90.75616738,cotton
133,47,23,24.88738107,75.62137159,6.827354668,89.76050416,cotton
126,38,23,25.36243778,83.63276077,6.176716425,88.43618918,cotton
126,50,19,24.69457084,81.7358876,6.6287228360000015,78.58494391,cotton
113,41,20,25.0017188,80.53965818,7.256877571,96.32600992,cotton
121,45,22,22.45942937,81.30681027,6.443785385,64.23026638,cotton
121,47,16,23.60564038,79.29573149,7.7232401510000015,72.49800885,cotton
129,60,22,24.58453146,79.12404171,5.947448589,71.94608134,cotton
107,45,25,23.0865933,83.55546146,7.2277455160000015,71.84080724,cotton
122,59,18,23.5000992,83.63488952,6.219469084,79.81328183,cotton
140,38,15,24.1472953,75.88298598,6.021439523,69.91563467,cotton
102,49,21,24.69315538,84.84422454,6.253343655,89.799462,cotton
111,40,25,24.48469200000001,84.44932014,6.187455798999999,90.94342484,cotton
131,35,18,24.49112609,82.24415809,7.0576933660000005,64.02949379,cotton
135,43,16,23.47986888,81.73049149,6.720449769,86.76287924,cotton
100,46,18,24.18586246,76.04203958,6.4316895060000006,69.08056728,cotton
123,39,24,25.00755095,78.17952126,7.453106264,86.06411872,cotton
117,56,15,25.99237426,77.0543546,7.368258226,89.1188212,cotton
121,36,24,23.66457347,81.69105088,7.352401887,99.36898373,cotton
101,58,18,25.66891439,81.38103349,6.652143699,78.59595817,cotton
107,42,24,22.04612876,84.62978302,6.144631795,86.00758678,cotton
100,41,22,22.4204752,84.55794703,7.318802162000001,93.46595573,cotton
125,39,21,25.03149561,82.21276599,7.954629324,95.0191318,cotton
105,60,23,23.53371386,77.21705554,6.207652157,87.54004943,cotton
102,46,19,22.77076388,82.5993307,6.631005298,81.49543437,cotton
131,49,22,25.49848236,79.9751579,7.306918817000001,67.05961949,cotton
139,35,15,25.248679,83.4630147,5.898293044,86.55517751,cotton
108,36,19,22.78249615,77.51235009,7.238566893,64.61444234,cotton
118,45,23,23.37044424,77.43198948,7.977651226,71.67870701,cotton
107,51,22,24.86560781,78.22080815,5.983075895,79.56866268,cotton
125,60,17,24.14386157,84.51591287,6.785723961,80.36146974,cotton
113,37,20,25.03300222,79.04368718,7.393441155,97.10087029,cotton
131,52,16,23.65724079,84.47601498,6.486068274,88.54479121,cotton
115,48,16,25.54359718,84.09229796,7.175934962,88.94245493,cotton
113,38,25,22.00085141,79.47270984,7.388265887999999,90.42224164,cotton
111,41,18,23.64328417,78.1258666,6.10539819,80.96157332,cotton
111,53,19,23.96436009,78.02763149,6.419536555,84.63148859,cotton
122,48,16,24.65425757,75.6350708,6.307585854,61.82980133,cotton
108,46,17,24.3017998,84.87668973,6.93221485,65.0247867,cotton
132,41,22,24.29144926,81.02453404,7.810865753,90.41694635,cotton
103,42,17,24.29470232,84.61527627,6.527541661,81.05902285,cotton
133,50,25,25.72180042,81.19666206,7.569454601,99.93100821,cotton
127,37,18,24.87663664,76.30050373,7.041065585,91.9223468,cotton
110,39,25,22.60612115,77.34264002,7.208795456,75.13617229,cotton
131,38,19,23.86814008,75.68339729,6.814341946,90.4547185,cotton
108,38,24,23.41022496,76.43836957,7.442217061,78.82199603,cotton
122,40,17,24.96440768,81.31677618,6.854558957,80.03995829,cotton
111,50,15,25.16820129,80.30351815,7.884550475,84.62419032,cotton
140,40,17,22.72767171,77.07598065,6.006085786,77.55176318,cotton
100,40,20,22.45145981,76.25674874,7.432043735,86.84998693,cotton
123,50,16,23.04920461,75.53835214,6.498052108,70.65644296,cotton
107,36,21,25.29250148,75.66653335,6.205263534,62.64174227,cotton
118,50,19,22.95604064,82.33733678,6.360812227,66.48339303,cotton
103,51,20,22.80213132,84.14668447,7.0466074339999984,91.6389565,cotton
133,57,19,23.54234715,75.98203329,7.947011366,84.12536744,cotton
129,47,20,24.41212325,80.80343786,6.281913857999999,98.60457373,cotton
116,52,19,22.94276687,75.37170612,6.114525877,67.08022574,cotton
114,40,23,25.53676123,81.13668716,6.7539780610000015,95.4262599,cotton
131,60,17,25.32023717,81.79475917,7.4250413160000015,83.46532547,cotton
107,43,18,22.426733,81.53480799,6.745104394,65.54475812,cotton
123,44,21,25.78544484,75.00539324,7.6411165689999985,91.39578861,cotton
112,49,25,25.68959532,77.90621048,6.470135478,66.19426787,cotton
119,44,15,22.14593688,82.85975490000001,7.091992365,60.65381719,cotton
130,59,19,25.07278712,82.50257909,6.520403794,93.51042684,cotton
127,53,24,22.21506982,76.17851932,6.127939627999999,70.40557612,cotton
134,52,18,23.9643129,76.59175937,7.994679507000001,76.13090645,cotton
109,36,18,25.40059227,76.53237965,7.524707577,62.51388670000001,cotton
100,48,17,23.7805123,83.03878838,7.827877817999999,66.26555904,cotton
132,52,19,24.16402322,76.7433897,6.436691764,61.94626051,cotton
102,37,25,25.31468463,77.91757121,5.907930899,72.82902109,cotton
111,39,22,22.60361557,80.35090459999998,6.135025006,88.57395505,cotton
117,51,15,22.9535715,78.71555832,6.044556594,99.75336197,cotton
136,36,24,22.74446976,80.41198458,7.59781958,90.07326633,cotton
134,56,18,23.80834611,83.91902605,6.691268104,70.97358303,cotton
112,54,15,25.46228792,81.56641891,6.1754923060000015,76.88582484,cotton
105,56,15,25.96779712,81.97904282,7.272316208999999,74.14169043,cotton
140,45,15,25.5308271,80.04662756,5.801047545,99.39557151,cotton
126,46,25,24.43847399,81.69801729,6.757457943,60.79645852,cotton
106,49,24,23.03887865,76.47039772,6.983395572999999,90.64770699,cotton
121,53,19,23.51308653,76.72621429,7.976889497999999,80.11272117,cotton
108,60,17,22.75805656,76.75768356,6.558902588,97.76600619,cotton
116,56,17,24.71252544,77.7293114,7.979090365,85.24963302,cotton
100,52,19,23.45969093,82.44777468,7.903528672999999,93.50153555,cotton
129,43,16,25.5503704,77.85055621,6.73210948,78.58488484,cotton
118,44,23,22.08458267,82.82904143,6.6916904760000016,67.06459777,cotton
117,43,25,24.68854799,78.51206972,7.839849298,69.31153566,cotton
126,37,21,25.84997269,84.16855231,6.61448588,77.03421249,cotton
120,48,16,22.46054478,75.40989245,7.456971816,71.85436078,cotton
102,45,16,23.65629976,77.52425987,7.2942193,74.8984994,cotton
131,56,20,22.00817088,81.83896111,7.762647875,92.23645249,cotton
114,40,17,24.32630461,80.13456404,6.363406102000001,69.45072055,cotton
101,37,18,22.92360984,82.68738535,7.63737841,92.91915074,cotton
106,46,20,23.43821725,78.63388824,6.2006719760000015,81.15072105,cotton
113,38,20,22.10718988,78.58320116,6.364729934,74.94136567,cotton
102,53,21,23.03814028,76.11021529,6.913678684,91.49697481,cotton
110,39,18,24.54795322,75.39752705,7.766259768999999,63.88079866,cotton
107,58,15,23.73868041,75.77503808,7.55606399,76.63669195,cotton
120,60,15,22.31871914,83.86129998,7.288377241,65.35747011,cotton
91,21,26,26.33377983,57.36469955,7.261313694,191.6549412,coffee
107,21,26,26.45288458,55.32222678,7.235070264,144.68613359999995,coffee
83,38,35,25.70822684,52.88667115,7.18915558,136.73250919999998,coffee
108,24,31,24.12832546,56.18107663,6.431899747999999,147.27578180000003,coffee
116,28,34,23.44372334,60.39523266,6.42321105,122.2103248,coffee
116,23,25,23.4123707,52.26994674,6.869720196,139.3670753,coffee
109,31,27,23.05951896,50.40609436,6.973839707000001,164.4971875,coffee
89,25,34,23.07895447,63.65861483,7.184801627000001,129.8765443,coffee
118,18,32,27.6496114,51.11044023,6.351823783,122.8392822,coffee
111,32,34,25.46743689,69.35161206,6.392048018,171.37644619999998,coffee
84,36,28,26.7350622,55.55164819,6.119892347,140.63052130000003,coffee
85,33,25,26.20811417,52.50987966,6.910823945,189.0944824,coffee
99,15,27,27.0424167,57.27927475,6.501157208,165.6872119,coffee
81,30,31,24.65090184,51.93952357,7.027585558999999,135.1386537,coffee
95,39,29,27.35152643,55.99375012,7.13411409,148.98125249999995,coffee
81,34,30,25.17787724,62.26244581,6.6477659970000005,135.0119649,coffee
80,15,28,23.11438731,68.00096043,6.703270635,161.8944624,coffee
104,20,26,27.22783677,52.95261751,7.493191968,175.7260273,coffee
109,29,28,23.26316991,60.51600210000001,6.724688502999999,194.1755471,coffee
100,32,26,25.234661,57.53161469,6.043485685,124.2261737,coffee
100,24,28,25.59535262,57.72920846,7.101661011,195.7733251,coffee
83,21,28,25.5674832,60.49244602,7.466900682999999,190.2257843,coffee
120,23,28,25.67324193,51.29043632,6.877799264,196.2736367,coffee
104,26,30,24.40726724,62.65692638,6.410992833,148.6977358,coffee
108,33,31,23.69287069,66.76090123,7.393825704,144.6576424,coffee
91,25,26,24.53460016,66.99765375,7.482414225,180.5059257,coffee
86,26,27,27.13140403,52.89368299,6.081172981,192.4280381,coffee
98,18,27,27.56088634,68.49299897,6.516312148,167.43580749999995,coffee
111,27,31,23.59302313,55.27564977,6.0433309510000015,191.3980675,coffee
84,39,35,23.17714381,52.13864034,6.959404135,117.3113562,coffee
98,27,27,24.71384065,51.29142534,7.238109556,197.6439711,coffee
118,21,34,24.38534644,64.72543073,7.234258375,119.6324109,coffee
103,27,31,27.15998538,51.59100753,6.691541233,126.1752206,coffee
82,24,33,26.53543168,67.09608099,6.809593554,120.6494434,coffee
86,31,35,27.01207284,60.76645256,6.485761419,191.4508931,coffee
88,35,35,27.55906475,58.45742907,6.784460602,117.9389993,coffee
84,27,29,23.32293161,53.00366334,7.167092586,168.26442869999997,coffee
120,40,33,24.23850608,54.30329632,6.73410539,115.1564012,coffee
106,40,30,23.42611644,64.10651528,6.779984384,122.6847408,coffee
113,21,33,26.02241444,55.83288958,7.277422737999999,176.90209240000004,coffee
117,34,25,24.83846178,56.7685316,7.21270048,124.4135035,coffee
80,30,25,26.24092174,65.64381357,7.487266991,148.37712019999995,coffee
88,21,27,24.43011925,66.02411187,7.231166546,181.6368274,coffee
113,33,34,26.00373964,62.144510200000006,6.559817161000002,153.477776,coffee
87,23,28,26.22367404,62.26594559,6.979590627,193.7461968,coffee
113,15,29,27.09617155,63.55324262,6.779230041,190.2440566,coffee
98,29,30,25.64004392,61.03273481,6.217974349,199.4735636,coffee
97,29,27,27.74576987,54.36976075,7.205078785,139.8619431,coffee
85,35,32,26.24928198,54.28617819,6.854011265,133.1120232,coffee
82,29,35,26.67377159,52.24226285,6.246872394,156.15438980000005,coffee
103,33,25,27.10210397,55.74973320000001,6.911066044,139.5013171,coffee
112,17,28,27.62975458,61.26002598,6.777417989,196.6492664,coffee
99,19,33,27.536454700000004,55.51673151,6.273741983,130.6377143,coffee
120,20,34,23.56960509,50.56339727,6.906124587000001,130.3797119,coffee
114,27,28,24.99451759,57.93250202,7.162802357,192.8736822,coffee
100,40,35,27.56441788,54.41094079,6.9557873510000015,177.816092,coffee
108,35,25,23.98143338,61.10935084,6.971963169,161.5279095,coffee
115,31,30,24.22984659,67.37768353,6.840927967000001,122.4073418,coffee
87,28,30,25.60153969,68.66257977,6.536676653,168.8383605,coffee
82,24,26,24.31274458,53.57285558,6.089443602999999,184.4103931,coffee
94,26,27,26.36629861,52.25738495,7.456460375,177.31761609999995,coffee
87,28,35,26.5602777,57.1621814,6.759211911,152.0616227,coffee
118,40,35,26.35034208,58.50650238,7.460174812000001,121.5586297,coffee
87,38,29,25.20406808,57.88370456,6.652642579,156.1457255,coffee
92,40,30,23.35723208,55.18792166,6.026287448,171.6976946,coffee
97,22,26,23.60567546,59.68849145,6.074190142000001,185.1568059,coffee
99,40,32,24.18471151,69.94807345,7.0455430560000005,163.27087319999995,coffee
89,28,33,26.44414097,53.83876189,6.9932360010000005,175.3723314,coffee
112,39,29,26.12492233,63.37479229,6.726528895,147.8035305,coffee
111,28,26,27.77363343,64.47858698,6.937352845,192.7121236,coffee
114,20,26,25.55656667,62.67087838,7.27905689,193.5866233,coffee
117,26,30,27.92374437,67.96910852,7.079850922,115.2325531,coffee
111,29,31,26.05968403,52.31098539,6.136286518,161.3432535,coffee
119,30,28,26.35770906,64.57578034,6.5052036960000015,163.62694960000005,coffee
116,40,33,24.91370487,54.15319242,7.042089492000001,129.5481144,coffee
95,37,35,27.31317116,68.42333909999999,6.348337518999998,192.4288139,coffee
86,40,33,26.1387869,52.26311691,7.432322234,136.3027766,coffee
117,37,32,23.1069385,67.06230539,6.787658922,162.57696059999995,coffee
105,18,35,23.52648086,68.44030686,6.743417121,171.8839938,coffee
109,23,25,25.11711046,68.48030408,7.00733163,194.8773479,coffee
80,18,31,24.02952505,58.84880599,7.303033217,134.6803969,coffee
101,31,26,26.70897548,69.71184111,6.861235184,158.86088869999998,coffee
103,33,33,26.71717393,50.50148528,7.131435858,126.8073984,coffee
93,26,27,24.59245684,56.46829641,7.288211994,137.70440469999997,coffee
104,35,28,27.51006055,50.66687215,6.983732393,143.9955548,coffee
116,36,25,27.57847581,58.52534263,6.172090205,156.6810374,coffee
107,38,29,26.65069302,57.56695719,6.35118177,145.105065,coffee
101,33,33,26.97251562,62.0183627,6.908671378999999,142.8610793,coffee
107,31,31,23.17124551,52.97841162,6.766184468,153.12016440000005,coffee
99,16,30,23.52652084,65.44340921,6.392791654,186.1728203,coffee
103,40,30,27.30901814,55.196224,6.3483162570000005,141.48316440000005,coffee
118,31,34,27.54823036,62.88179198,6.123796057000001,181.4170812,coffee
106,21,35,25.627355,57.04151119,7.4285236339999985,188.5506536,coffee
116,38,34,23.29250318,50.04557009,6.020947179,183.468585,coffee
97,35,26,24.91461008,53.74144743,6.334610249,166.2549307,coffee
107,34,32,26.77463708,66.4132686,6.78006386,177.7745075,coffee
99,15,27,27.41711238,56.63636248,6.086922359,127.92461000000002,coffee
118,33,30,24.13179691,67.22512329,6.362607851,173.32283859999995,coffee
117,32,34,26.2724184,52.12739421,6.758792552,127.1752928,coffee
104,18,30,23.60301571,60.39647474,6.779832611000002,140.9370415,coffee
